insert into RUT_TRA values (15000001,'IRUN', 'DONOSTIA', 'N-1', 1, 'A');
insert into RUT_TRA values (15000001,'DONOSTIA', 'EIBAR', 'AP-8', 2, 'A');
insert into RUT_TRA values (15000001,'EIBAR', 'VITORIA-GASTEIZ', 'AP-1', 3, 'A');
insert into RUT_TRA values (15000002,'IRUN', 'DONOSTIA', 'N-1', 1, 'A');
insert into RUT_TRA values (15000002,'DONOSTIA', 'BILBAO', 'AP-8', 2, 'A');
insert into RUT_TRA values (15000003,'IRUN', 'DONOSTIA', 'AP-8', 1, 'A');
insert into RUT_TRA values (15000003,'DONOSTIA', 'IRURZUN', 'A-15', 2, 'A');
insert into RUT_TRA values (15000003,'IRURZUN', 'PAMPLONA', 'N-240-A', 3, 'A');
insert into RUT_TRA values (15000004,'IRUN', 'DONOSTIA', 'AP-8', 1, 'A');
insert into RUT_TRA values (15000004,'DONOSTIA', 'ALSASUA', 'A-1', 2, 'A');
insert into RUT_TRA values (15000004,'ALSASUA', 'PAMPLONA', 'N-240-A', 3, 'A');
insert into RUT_TRA values (15000005,'IRUN', 'DONOSTIA', 'AP-8', 1, 'A');
insert into RUT_TRA values (15000005,'DONOSTIA', 'VITORIA-GASTEIZ', 'A-1', 2, 'A');
insert into RUT_TRA values (15000006,'DONOSTIA', 'EIBAR', 'AP-8', 1, 'A');
insert into RUT_TRA values (15000006,'EIBAR', 'VITORIA-GASTEIZ', 'AP-1', 2, 'A');
insert into RUT_TRA values (15000007,'IRUN', 'DONOSTIA', 'N-1', 1, 'A');
insert into RUT_TRA values (15000007,'DONOSTIA', 'EIBAR', 'AP-8', 2, 'A');
insert into RUT_TRA values (15000008,'IRUN', 'DONOSTIA', 'AP-8', 1, 'A');
insert into RUT_TRA values (15000008,'DONOSTIA', 'IRURZUN', 'A-15', 2, 'A');
insert into RUT_TRA values (15000009,'DONOSTIA', 'IRURZUN', 'A-15', 1, 'A');
insert into RUT_TRA values (15000009,'IRURZUN', 'PAMPLONA', 'N-240-A', 2, 'A');
insert into RUT_TRA values (15000010,'IRUN', 'DONOSTIA', 'AP-8', 1, 'A');
insert into RUT_TRA values (15000010,'DONOSTIA', 'ALSASUA', 'A-1', 2, 'A');
insert into RUT_TRA values (15000011,'DONOSTIA', 'VITORIA-GASTEIZ', 'A-1', 1, 'A');
insert into RUT_TRA values (15000012,'VITORIA-GASTEIZ', 'EIBAR', 'AP-1', 1, 'A');
insert into RUT_TRA values (15000012,'EIBAR', 'DONOSTIA', 'AP-8', 2, 'A');
insert into RUT_TRA values (15000012,'DONOSTIA', 'IRUN', 'N-1', 3, 'A');
insert into RUT_TRA values (15000013,'BILBAO', 'DONOSTIA', 'AP-8', 1, 'A');
insert into RUT_TRA values (15000013,'DONOSTIA', 'IRUN', 'N-1', 2, 'A');
insert into RUT_TRA values (15000014,'PAMPLONA', 'IRURZUN', 'N-240-A', 1, 'A');
insert into RUT_TRA values (15000014,'IRURZUN', 'DONOSTIA', 'A-15', 2, 'A');
insert into RUT_TRA values (15000014,'DONOSTIA', 'IRUN', 'AP-8', 3, 'A');
insert into RUT_TRA values (15000015,'PAMPLONA', 'ALSASUA', 'N-240-A', 1, 'A');
insert into RUT_TRA values (15000015,'ALSASUA', 'DONOSTIA', 'A-1', 2, 'A');
insert into RUT_TRA values (15000015,'DONOSTIA', 'IRUN', 'AP-8', 3, 'A');
insert into RUT_TRA values (15000016,'VITORIA-GASTEIZ', 'DONOSTIA', 'A-1', 1, 'A');
insert into RUT_TRA values (15000016,'DONOSTIA', 'IRUN', 'AP-8', 2, 'A');
insert into RUT_TRA values (15000017,'VITORIA-GASTEIZ', 'EIBAR', 'AP-1', 1, 'A');
insert into RUT_TRA values (15000017,'EIBAR', 'DONOSTIA', 'AP-8', 2, 'A');
insert into RUT_TRA values (15000018,'EIBAR', 'DONOSTIA', 'AP-8', 1, 'A');
insert into RUT_TRA values (15000018,'DONOSTIA', 'IRUN', 'N-1', 2, 'A');
insert into RUT_TRA values (15000019,'IRURZUN', 'DONOSTIA', 'A-15', 1, 'A');
insert into RUT_TRA values (15000019,'DONOSTIA', 'IRUN', 'AP-8', 2, 'A');
insert into RUT_TRA values (15000020,'PAMPLONA', 'IRURZUN', 'N-240-A', 1, 'A');
insert into RUT_TRA values (15000020,'IRURZUN', 'DONOSTIA', 'A-15', 2, 'A');
insert into RUT_TRA values (15000021,'ALSASUA', 'DONOSTIA', 'A-1', 1, 'A');
insert into RUT_TRA values (15000021,'DONOSTIA', 'IRUN', 'AP-8', 2, 'A');
insert into RUT_TRA values (15000022,'VITORIA-GASTEIZ', 'DONOSTIA', 'A-1', 1, 'A');
insert into RUT_TRA values (15000023,'IRUN', 'DONOSTIA', 'AP-8', 1, 'A');
insert into RUT_TRA values (15000024,'IRUN', 'DONOSTIA', 'N-1', 1, 'A');
insert into RUT_TRA values (15000025,'DONOSTIA', 'IRUN', 'N-1', 1, 'A');
insert into RUT_TRA values (15000026,'IRUN', 'EIBAR', 'AP-8', 1, 'A');
insert into RUT_TRA values (15000027,'EIBAR', 'IRUN', 'AP-8', 1, 'A');
insert into RUT_TRA values (15000028,'IRUN', 'BILBAO', 'AP-8', 1, 'A');
insert into RUT_TRA values (15000029,'BILBAO', 'IRUN', 'AP-8', 1, 'A');
insert into RUT_TRA values (15000030,'DONOSTIA', 'BILBAO', 'AP-8', 1, 'A');
insert into RUT_TRA values (15000031,'DONOSTIA', 'EIBAR', 'AP-8', 1, 'A');
insert into RUT_TRA values (15000032,'EIBAR', 'VITORIA-GASTEIZ', 'AP-1', 1, 'A');
insert into RUT_TRA values (15000033,'BILBAO', 'VITORIA-GASTEIZ', 'AP-68', 1, 'A');
insert into RUT_TRA values (15000034,'DONOSTIA', 'VITORIA-GASTEIZ', 'A-1', 1, 'A');
insert into RUT_TRA values (15000035,'VITORIA-GASTEIZ', 'DONOSTIA', 'A-1', 1, 'A');
insert into RUT_TRA values (15000036,'BILBAO', 'EIBAR', 'AP-8', 1, 'A');
insert into RUT_TRA values (15000037,'EIBAR', 'BILBAO', 'AP-8', 1, 'A');
insert into RUT_TRA values (15000038,'VITORIA-GASTEIZ', 'BILBAO', 'AP-68', 1, 'A');
insert into RUT_TRA values (15000039,'BILBAO', 'DONOSTIA', 'AP-8', 1, 'A');
insert into RUT_TRA values (15000040,'VITORIA-GASTEIZ', 'EIBAR', 'AP-1', 1, 'A');
insert into RUT_TRA values (15000041,'EIBAR', 'DONOSTIA', 'AP-8', 1, 'A');
insert into RUT_TRA values (15000042,'DONOSTIA', 'IRUN', 'AP-8', 1, 'A');
insert into RUT_TRA values (15000043,'DONOSTIA', 'ALSASUA', 'A-1', 1, 'A');
insert into RUT_TRA values (15000044,'ALSASUA', 'DONOSTIA', 'A-1', 1, 'A');
insert into RUT_TRA values (15000045,'ALSASUA', 'VITORIA-GASTEIZ', 'A-1', 1, 'A');
insert into RUT_TRA values (15000046,'VITORIA-GASTEIZ', 'ALSASUA', 'A-1', 1, 'A');
insert into RUT_TRA values (15000047,'ALSASUA', 'PAMPLONA', 'N-240-A', 1, 'A');
insert into RUT_TRA values (15000048,'PAMPLONA', 'ALSASUA', 'N-240-A', 1, 'A');
insert into RUT_TRA values (15000049,'IRURZUN', 'DONOSTIA', 'A-15', 1, 'A');
insert into RUT_TRA values (15000050,'DONOSTIA', 'IRURZUN', 'A-15', 1, 'A');
insert into RUT_TRA values (15000051,'IRURZUN', 'PAMPLONA', 'N-240-A', 1, 'A');
insert into RUT_TRA values (15000052,'PAMPLONA', 'IRURZUN', 'N-240-A', 1, 'A');
insert into RUT_TRA values (15000053,'IRURZUN', 'ALSASUA', 'A-10', 1, 'A');
insert into RUT_TRA values (15000054,'ALSASUA', 'IRURZUN', 'A-10', 1, 'A');
insert into RUT_TRA values (15000055,'IRUN', 'PAMPLONA', 'N-121-A', 1, 'A');
insert into RUT_TRA values (15000056,'VITORIA-GASTEIZ', 'MIRANDA DE EBRO', 'A-1', 1, 'A');
insert into RUT_TRA values (15000057,'MIRANDA DE EBRO', 'BURGOS', 'A-1', 1, 'A');
insert into RUT_TRA values (15000058,'BURGOS', 'MADRID', 'A-1', 1, 'A');
insert into RUT_TRA values (15000059,'MIRANDA DE EBRO', 'VITORIA-GASTEIZ', 'A-1', 1, 'A');
insert into RUT_TRA values (15000060,'BURGOS', 'MIRANDA DE EBRO', 'A-1', 1, 'A');
insert into RUT_TRA values (15000061,'MADRID', 'BURGOS', 'A-1', 1, 'A');
insert into RUT_TRA values (15000062,'VITORIA-GASTEIZ', 'BURGOS', 'A-1', 1, 'A');
insert into RUT_TRA values (15000063,'BURGOS', 'VITORIA-GASTEIZ', 'A-1', 1, 'A');
insert into RUT_TRA values (15000064,'VITORIA-GASTEIZ', 'MADRID', 'A-1', 1, 'A');
insert into RUT_TRA values (15000065,'MADRID', 'VITORIA-GASTEIZ', 'A-1', 1, 'A');
insert into RUT_TRA values (15000066,'DONOSTIA', 'MADRID', 'A-1', 1, 'A');
insert into RUT_TRA values (15000067,'MADRID', 'DONOSTIA', 'A-1', 1, 'A');
insert into RUT_TRA values (15000068,'IRUN', 'MADRID', 'A-1', 1, 'A');
insert into RUT_TRA values (15000069,'MADRID', 'IRUN', 'A-1', 1, 'A');
insert into RUT_TRA values (15000070,'MADRID', 'BARCELONA', 'A-2', 1, 'A');
insert into RUT_TRA values (15000071,'BARCELONA', 'MADRID', 'A-2', 1, 'A');
insert into RUT_TRA values (15000072,'VITORIA-GASTEIZ', 'ZARAGOZA', 'AP-68', 1, 'A');
insert into RUT_TRA values (15000073,'ZARAGOZA', 'VITORIA-GASTEIZ', 'AP-68', 1, 'A');
insert into RUT_TRA values (15000074,'PAMPLONA', 'CASTEJON', 'A-15', 1, 'A');
insert into RUT_TRA values (15000075,'CASTEJON', 'PAMPLONA', 'A-15', 1, 'A');
insert into RUT_TRA values (15000076,'VITORIA-GASTEIZ', 'CASTEJON', 'AP-68', 1, 'A');
insert into RUT_TRA values (15000077,'CASTEJON', 'VITORIA-GASTEIZ', 'AP-68', 1, 'A');
insert into RUT_TRA values (15000078,'CASTEJON', 'ZARAGOZA', 'AP-68', 1, 'A');
insert into RUT_TRA values (15000079,'ZARAGOZA', 'CASTEJON', 'AP-68', 1, 'A');
insert into RUT_TRA values (15000080,'ZARAGOZA', 'LLEIDA', 'AP-2', 1, 'A');
insert into RUT_TRA values (15000081,'LLEIDA', 'ZARAGOZA', 'AP-2', 1, 'A');
insert into RUT_TRA values (15000082,'LLEIDA', 'BARCELONA', 'A-2', 1, 'A');
insert into RUT_TRA values (15000083,'BARCELONA', 'LLEIDA', 'A-2', 1, 'A');
insert into RUT_TRA values (15000084,'MADRID', 'LLEIDA', 'A-2', 1, 'A');
insert into RUT_TRA values (15000085,'LLEIDA', 'MADRID', 'A-2', 1, 'A');
insert into RUT_TRA values (16000001,'IRUN', 'EIBAR', 'AP-8', 1, 'A');
insert into RUT_TRA values (16000001,'EIBAR', 'VITORIA-GASTEIZ', 'AP-1', 2, 'A');
insert into RUT_TRA values (16000002,'VITORIA-GASTEIZ', 'EIBAR', 'AP-1', 1, 'A');
insert into RUT_TRA values (16000002,'EIBAR', 'IRUN', 'AP-8', 2, 'A');
insert into RUT_TRA values (16000003,'IRUN', 'DONOSTIA', 'AP-8', 1, 'A');
insert into RUT_TRA values (16000003,'DONOSTIA', 'MADRID', 'A-1', 2, 'A');
insert into RUT_TRA values (16000004,'MADRID', 'DONOSTIA', 'A-1', 1, 'A');
insert into RUT_TRA values (16000004,'DONOSTIA', 'IRUN', 'AP-8', 2, 'A');
insert into RUT_TRA values (16000005,'IRUN', 'EIBAR', 'AP-8', 1, 'A');
insert into RUT_TRA values (16000005,'EIBAR', 'VITORIA-GASTEIZ', 'AP-1', 2, 'A');
insert into RUT_TRA values (16000005,'VITORIA-GASTEIZ', 'MADRID', 'A-1', 3, 'A');
insert into RUT_TRA values (16000006,'MADRID', 'VITORIA-GASTEIZ', 'A-1', 1, 'A');
insert into RUT_TRA values (16000006,'VITORIA-GASTEIZ', 'EIBAR', 'AP-1', 2, 'A');
insert into RUT_TRA values (16000006,'EIBAR', 'IRUN', 'AP-8', 3, 'A');
insert into RUT_TRA values (16000007,'IRUN', 'DONOSTIA', 'N-1', 1, 'A');
insert into RUT_TRA values (16000007,'DONOSTIA', 'EIBAR', 'AP-8', 2, 'A');
insert into RUT_TRA values (16000007,'EIBAR', 'VITORIA-GASTEIZ', 'AP-1', 3, 'A');
insert into RUT_TRA values (16000007,'VITORIA-GASTEIZ', 'MADRID', 'A-1', 4, 'A');
insert into RUT_TRA values (16000008,'MADRID', 'VITORIA-GASTEIZ', 'A-1', 1, 'A');
insert into RUT_TRA values (16000008,'VITORIA-GASTEIZ', 'EIBAR', 'AP-1', 2, 'A');
insert into RUT_TRA values (16000008,'EIBAR', 'DONOSTIA', 'AP-8', 3, 'A');
insert into RUT_TRA values (16000008,'DONOSTIA', 'IRUN', 'N-1', 4, 'A');

insert into LINEA values (2015010001, 1, to_date('02/01/2015', 'dd/mm/yyyy'), to_date('03/01/2015', 'dd/mm/yyyy'), 350, 15000001, '3322BAC');
insert into LINEA values (2015010001, 2, to_date('02/01/2015', 'dd/mm/yyyy'), to_date('04/01/2015', 'dd/mm/yyyy'), 500, 15000002, '2233CAE');
insert into LINEA values (2015010001, 3, to_date('04/01/2015', 'dd/mm/yyyy'), to_date('05/01/2015', 'dd/mm/yyyy'), 350, 15000001, '3322BAC');
insert into LINEA values (2015010002, 1, to_date('12/01/2015', 'dd/mm/yyyy'), to_date('13/01/2015', 'dd/mm/yyyy'), 800, 15000001, '1144CIP');
insert into LINEA values (2015010002, 2, to_date('14/01/2015', 'dd/mm/yyyy'), to_date('15/01/2015', 'dd/mm/yyyy'), 800, 15000001, '1144CIP');
insert into LINEA values (2015010002, 3, to_date('16/01/2015', 'dd/mm/yyyy'), to_date('17/01/2015', 'dd/mm/yyyy'), 800, 15000001, '1144CIP');
insert into LINEA values (2015010002, 4, to_date('18/01/2015', 'dd/mm/yyyy'), to_date('19/01/2015', 'dd/mm/yyyy'), 800, 15000001, '1144CIP');
insert into LINEA values (2015010002, 5, to_date('20/01/2015', 'dd/mm/yyyy'), to_date('21/01/2015', 'dd/mm/yyyy'), 1000, 15000001, '1144CIP');
insert into LINEA values (2015010003, 1, to_date('31/01/2015', 'dd/mm/yyyy'), to_date('01/02/2015', 'dd/mm/yyyy'), 1200, 15000002, '1234DEA');
insert into LINEA values (2015010003, 2, to_date('31/01/2015', 'dd/mm/yyyy'), to_date('01/02/2015', 'dd/mm/yyyy'), 1500, 15000002, '6543DIA');
insert into LINEA values (2015020001, 1, to_date('07/02/2015', 'dd/mm/yyyy'), to_date('07/02/2015', 'dd/mm/yyyy'), 3500, 15000002, '9767FIA');
insert into LINEA values (2016020002, 1, to_date('28/02/2016', 'dd/mm/yyyy'), to_date('29/02/2016', 'dd/mm/yyyy'), 4000, 15000003, '1144CIP');
insert into LINEA values (2016020002, 2, to_date('28/02/2016', 'dd/mm/yyyy'), to_date('29/02/2016', 'dd/mm/yyyy'), 4000, 15000004, '9767FIA');
insert into LINEA values (2016020002, 3, to_date('28/02/2016', 'dd/mm/yyyy'), to_date('29/02/2016', 'dd/mm/yyyy'), 3000, 15000005, '3322BAC');
insert into LINEA values (2016020002, 4, to_date('28/02/2016', 'dd/mm/yyyy'), to_date('29/02/2016', 'dd/mm/yyyy'), 4000, 15000006, '2233CAE');
insert into LINEA values (2016030001, 1, to_date('28/02/2016', 'dd/mm/yyyy'), to_date('29/02/2016', 'dd/mm/yyyy'), 4000, 15000006, '0999HOP');
insert into LINEA values (2016030001, 2, to_date('28/02/2016', 'dd/mm/yyyy'), to_date('29/02/2016', 'dd/mm/yyyy'), 4000, 15000006, '3573HIP');
insert into LINEA values (2016030001, 3, to_date('28/02/2016', 'dd/mm/yyyy'), to_date('29/02/2016', 'dd/mm/yyyy'), 4000, 15000006, '6831JAM');
insert into LINEA values (2016040001, 1, to_date('22/04/2016', 'dd/mm/yyyy'), to_date('23/04/2016', 'dd/mm/yyyy'), 3500, 15000007, '6831JAM');
insert into LINEA values (2016040001, 2, to_date('24/04/2016', 'dd/mm/yyyy'), to_date('25/04/2016', 'dd/mm/yyyy'), 3500, 15000007, '6831JAM');
insert into LINEA values (2016050001, 1, to_date('30/05/2016', 'dd/mm/yyyy'), to_date('31/05/2016', 'dd/mm/yyyy'), 6000, 15000008, '9767FIA');
insert into LINEA values (2016050001, 2, to_date('30/05/2016', 'dd/mm/yyyy'), to_date('31/05/2016', 'dd/mm/yyyy'), 5000, 15000008, '9765GIL');
insert into LINEA values (2016060001, 1, to_date('10/06/2016', 'dd/mm/yyyy'), to_date('12/06/2016', 'dd/mm/yyyy'), 4300, 15000009, '6436FOL');
insert into LINEA values (2016060001, 2, to_date('10/06/2016', 'dd/mm/yyyy'), to_date('12/06/2016', 'dd/mm/yyyy'), 4300, 15000009, '9087GOL');
insert into LINEA values (2016070001, 1, to_date('07/07/2016', 'dd/mm/yyyy'), to_date('08/07/2016', 'dd/mm/yyyy'), 3250, 15000010, '1234DEA');
insert into LINEA values (2016070001, 2, to_date('07/07/2016', 'dd/mm/yyyy'), to_date('08/07/2016', 'dd/mm/yyyy'), 3250, 15000010, '6831JAM');
insert into LINEA values (2016070001, 3, to_date('07/07/2016', 'dd/mm/yyyy'), to_date('08/07/2016', 'dd/mm/yyyy'), 3250, 15000010, '0999HOP');
insert into LINEA values (2016070001, 4, to_date('07/07/2016', 'dd/mm/yyyy'), to_date('08/07/2016', 'dd/mm/yyyy'), 3250, 15000010, '3573HIP');
insert into LINEA values (2016070001, 5, to_date('07/07/2016', 'dd/mm/yyyy'), to_date('08/07/2016', 'dd/mm/yyyy'), 3250, 15000010, '6436FOL');
insert into LINEA values (2016070002, 1, to_date('27/07/2016', 'dd/mm/yyyy'), to_date('28/07/2016', 'dd/mm/yyyy'), 2500, 15000011, '3322BAC');
insert into LINEA values (2016070002, 2, to_date('27/07/2016', 'dd/mm/yyyy'), to_date('28/07/2016', 'dd/mm/yyyy'), 2500, 15000011, '1234DEA');
insert into LINEA values (2016070002, 3, to_date('27/07/2016', 'dd/mm/yyyy'), to_date('28/07/2016', 'dd/mm/yyyy'), 2500, 15000011, '9767FIA');
insert into LINEA values (2016070002, 4, to_date('27/07/2016', 'dd/mm/yyyy'), to_date('28/07/2016', 'dd/mm/yyyy'), 2500, 15000011, '9765GIL');
insert into LINEA values (2016070003, 1, to_date('28/07/2016', 'dd/mm/yyyy'), to_date('29/07/2016', 'dd/mm/yyyy'), 5500, 15000012, '9087GOL');
insert into LINEA values (2016070003, 2, to_date('30/07/2016', 'dd/mm/yyyy'), to_date('31/07/2016', 'dd/mm/yyyy'), 5500, 15000012, '9087GOL');
insert into LINEA values (2016070003, 3, to_date('01/08/2016', 'dd/mm/yyyy'), to_date('02/08/2016', 'dd/mm/yyyy'), 5500, 15000012, '9087GOL');
insert into LINEA values (2016070003, 4, to_date('03/08/2016', 'dd/mm/yyyy'), to_date('04/08/2016', 'dd/mm/yyyy'), 5500, 15000012, '9087GOL');
insert into LINEA values (2016070004, 1, to_date('29/07/2016', 'dd/mm/yyyy'), to_date('30/07/2016', 'dd/mm/yyyy'), 6500, 15000013, '6436FOL');
insert into LINEA values (2016070004, 2, to_date('31/07/2016', 'dd/mm/yyyy'), to_date('01/08/2016', 'dd/mm/yyyy'), 6500, 15000013, '6436FOL');
insert into LINEA values (2016070004, 3, to_date('02/07/2016', 'dd/mm/yyyy'), to_date('03/08/2016', 'dd/mm/yyyy'), 6500, 15000013, '6436FOL');
insert into LINEA values (2016070004, 4, to_date('04/08/2016', 'dd/mm/yyyy'), to_date('05/08/2016', 'dd/mm/yyyy'), 6500, 15000013, '6436FOL');
insert into LINEA values (2016070004, 5, to_date('06/08/2016', 'dd/mm/yyyy'), to_date('07/08/2016', 'dd/mm/yyyy'), 6500, 15000013, '6436FOL');
insert into LINEA values (2016090001, 1, to_date('02/09/2016', 'dd/mm/yyyy'), to_date('03/09/2016', 'dd/mm/yyyy'), 6000, 15000014, '1234DEA');
insert into LINEA values (2016090001, 2, to_date('02/09/2016', 'dd/mm/yyyy'), to_date('03/09/2016', 'dd/mm/yyyy'), 6000, 15000014, '6543DIA');
insert into LINEA values (2016100001, 1, to_date('25/10/2016', 'dd/mm/yyyy'), to_date('26/10/2016', 'dd/mm/yyyy'), 5000, 15000015, '1144CIP');
insert into LINEA values (2016100001, 2, to_date('27/10/2016', 'dd/mm/yyyy'), to_date('28/10/2016', 'dd/mm/yyyy'), 5000, 15000015, '1144CIP');
insert into LINEA values (2016110001, 1, to_date('11/11/2016', 'dd/mm/yyyy'), to_date('12/11/2016', 'dd/mm/yyyy'), 4000, 15000016, '2233CAE');
insert into LINEA values (2016110001, 2, to_date('13/11/2016', 'dd/mm/yyyy'), to_date('14/11/2016', 'dd/mm/yyyy'), 4000, 15000016, '2233CAE');
insert into LINEA values (2016120001, 1, to_date('12/12/2016', 'dd/mm/yyyy'), to_date('14/12/2016', 'dd/mm/yyyy'), 2900, 15000017, '3322BAC');
insert into LINEA values (2016120001, 2, to_date('12/12/2016', 'dd/mm/yyyy'), to_date('14/12/2016', 'dd/mm/yyyy'), 2900, 15000017, '6436FOL');
insert into LINEA values (2016120001, 3, to_date('12/12/2016', 'dd/mm/yyyy'), to_date('14/12/2016', 'dd/mm/yyyy'), 2900, 15000017, '9765GIL');
insert into LINEA values (2017010001, 1, to_date('02/01/2017', 'dd/mm/yyyy'), to_date('03/01/2017', 'dd/mm/yyyy'), 3300, 15000008, '1234DEA');
insert into LINEA values (2017010001, 2, to_date('02/01/2017', 'dd/mm/yyyy'), to_date('03/01/2017', 'dd/mm/yyyy'), 3300, 15000008, '6436FOL');
insert into LINEA values (2017010001, 3, to_date('02/01/2017', 'dd/mm/yyyy'), to_date('03/01/2017', 'dd/mm/yyyy'), 3300, 15000008, '9087GOL');
insert into LINEA values (2017010001, 4, to_date('02/01/2017', 'dd/mm/yyyy'), to_date('03/01/2017', 'dd/mm/yyyy'), 3300, 15000008, '9765GIL');
insert into LINEA values (2017010001, 5, to_date('02/01/2017', 'dd/mm/yyyy'), to_date('03/01/2017', 'dd/mm/yyyy'), 3300, 15000008, '9767FIA');
insert into LINEA values (2017010002, 1, to_date('12/01/2017', 'dd/mm/yyyy'), to_date('12/01/2017', 'dd/mm/yyyy'), 4500, 15000008, '9087GOL');
insert into LINEA values (2017010002, 2, to_date('12/01/2017', 'dd/mm/yyyy'), to_date('12/01/2017', 'dd/mm/yyyy'), 4500, 15000008, '3573HIP');
insert into LINEA values (2017010002, 3, to_date('12/01/2017', 'dd/mm/yyyy'), to_date('12/01/2017', 'dd/mm/yyyy'), 4500, 15000008, '0999HOP');
insert into LINEA values (2017010003, 1, to_date('22/01/2017', 'dd/mm/yyyy'), to_date('23/01/2017', 'dd/mm/yyyy'), 5500, 15000007, '1234DEA');
insert into LINEA values (2017010003, 2, to_date('24/01/2017', 'dd/mm/yyyy'), to_date('26/01/2017', 'dd/mm/yyyy'), 5500, 15000007, '1234DEA');
insert into LINEA values (2017010004, 1, to_date('31/01/2017', 'dd/mm/yyyy'), to_date('31/01/2017', 'dd/mm/yyyy'), 4750, 15000007, '9087GOL');
insert into LINEA values (2017010004, 2, to_date('31/01/2017', 'dd/mm/yyyy'), to_date('31/01/2017', 'dd/mm/yyyy'), 4750, 15000007, '1144CIP');
insert into LINEA values (2017010004, 3, to_date('31/01/2017', 'dd/mm/yyyy'), to_date('31/01/2017', 'dd/mm/yyyy'), 4750, 15000007, '1234DEA');
insert into LINEA values (2017010004, 4, to_date('31/01/2017', 'dd/mm/yyyy'), to_date('31/01/2017', 'dd/mm/yyyy'), 4750, 15000007, '9765GIL');
insert into LINEA values (2017010004, 5, to_date('31/01/2017', 'dd/mm/yyyy'), to_date('31/01/2017', 'dd/mm/yyyy'), 4750, 15000007, '6436FOL');
insert into LINEA values (2017010004, 6, to_date('31/01/2017', 'dd/mm/yyyy'), to_date('31/01/2017', 'dd/mm/yyyy'), 4750, 15000007, '6831JAM');
insert into LINEA values (2017010004, 7, to_date('31/01/2017', 'dd/mm/yyyy'), to_date('31/01/2017', 'dd/mm/yyyy'), 4750, 15000007, '9765GIL');
insert into LINEA values (2017010004, 8, to_date('31/01/2017', 'dd/mm/yyyy'), to_date('31/01/2017', 'dd/mm/yyyy'), 4750, 15000007, '3573HIP');
insert into LINEA values (2017010004, 9, to_date('31/01/2017', 'dd/mm/yyyy'), to_date('31/01/2017', 'dd/mm/yyyy'), 4750, 15000007, '0999HOP');
insert into LINEA values (2017010004, 10, to_date('31/01/2017', 'dd/mm/yyyy'), to_date('31/01/2017', 'dd/mm/yyyy'), 4000, 15000007, '2233CAE');

insert into RUTA values (15000001, to_date('02/01/2015', 'dd/mm/yyyy'));
insert into RUTA values (15000002, to_date('10/01/2015', 'dd/mm/yyyy'));
insert into RUTA values (15000003, to_date('15/03/2015', 'dd/mm/yyyy'));
insert into RUTA values (15000004, to_date('25/03/2015', 'dd/mm/yyyy'));
insert into RUTA values (15000005, to_date('04/04/2015', 'dd/mm/yyyy'));
insert into RUTA values (15000006, to_date('14/04/2015', 'dd/mm/yyyy'));
insert into RUTA values (15000007, to_date('05/06/2015', 'dd/mm/yyyy'));
insert into RUTA values (15000008, to_date('08/07/2015', 'dd/mm/yyyy'));
insert into RUTA values (15000009, to_date('18/07/2015', 'dd/mm/yyyy'));
insert into RUTA values (15000010, to_date('30/07/2015', 'dd/mm/yyyy'));
insert into RUTA values (15000011, to_date('31/07/2015', 'dd/mm/yyyy'));
insert into RUTA values (15000012, to_date('05/09/2015', 'dd/mm/yyyy'));
insert into RUTA values (15000013, to_date('29/10/2015', 'dd/mm/yyyy'));
insert into RUTA values (15000014, to_date('12/11/2015', 'dd/mm/yyyy'));
insert into RUTA values (15000015, to_date('13/12/2015', 'dd/mm/yyyy'));
insert into RUTA values (15000016, to_date('14/12/2015', 'dd/mm/yyyy'));
insert into RUTA values (15000017, to_date('15/12/2015', 'dd/mm/yyyy'));
insert into RUTA values (15000018, to_date('18/12/2015', 'dd/mm/yyyy'));
insert into RUTA values (15000019, to_date('23/12/2015', 'dd/mm/yyyy'));
insert into RUTA values (15000020, to_date('25/12/2015', 'dd/mm/yyyy'));
insert into RUTA values (15000021, to_date('26/12/2015', 'dd/mm/yyyy'));
insert into RUTA values (15000022, to_date('29/12/2015', 'dd/mm/yyyy'));
insert into RUTA values (15000023, to_date('29/12/2015', 'dd/mm/yyyy'));
insert into RUTA values (15000024, to_date('29/12/2015', 'dd/mm/yyyy'));
insert into RUTA values (15000025, to_date('29/12/2015', 'dd/mm/yyyy'));
insert into RUTA values (15000026, to_date('29/12/2015', 'dd/mm/yyyy'));
insert into RUTA values (15000027, to_date('29/12/2015', 'dd/mm/yyyy'));
insert into RUTA values (15000028, to_date('29/12/2015', 'dd/mm/yyyy'));
insert into RUTA values (15000029, to_date('29/12/2015', 'dd/mm/yyyy'));
insert into RUTA values (15000030, to_date('29/12/2015', 'dd/mm/yyyy'));
insert into RUTA values (15000031, to_date('29/12/2015', 'dd/mm/yyyy'));
insert into RUTA values (15000032, to_date('29/12/2015', 'dd/mm/yyyy'));
insert into RUTA values (15000033, to_date('29/12/2015', 'dd/mm/yyyy'));
insert into RUTA values (15000034, to_date('29/12/2015', 'dd/mm/yyyy'));
insert into RUTA values (15000035, to_date('29/12/2015', 'dd/mm/yyyy'));
insert into RUTA values (15000036, to_date('29/12/2015', 'dd/mm/yyyy'));
insert into RUTA values (15000037, to_date('29/12/2015', 'dd/mm/yyyy'));
insert into RUTA values (15000038, to_date('29/12/2015', 'dd/mm/yyyy'));
insert into RUTA values (15000039, to_date('29/12/2015', 'dd/mm/yyyy'));
insert into RUTA values (15000040, to_date('29/12/2015', 'dd/mm/yyyy'));
insert into RUTA values (15000041, to_date('29/12/2015', 'dd/mm/yyyy'));
insert into RUTA values (15000042, to_date('29/12/2015', 'dd/mm/yyyy'));
insert into RUTA values (15000043, to_date('29/12/2015', 'dd/mm/yyyy'));
insert into RUTA values (15000044, to_date('29/12/2015', 'dd/mm/yyyy'));
insert into RUTA values (15000045, to_date('29/12/2015', 'dd/mm/yyyy'));
insert into RUTA values (15000046, to_date('29/12/2015', 'dd/mm/yyyy'));
insert into RUTA values (15000047, to_date('29/12/2015', 'dd/mm/yyyy'));
insert into RUTA values (15000048, to_date('29/12/2015', 'dd/mm/yyyy'));
insert into RUTA values (15000049, to_date('29/12/2015', 'dd/mm/yyyy'));
insert into RUTA values (15000050, to_date('29/12/2015', 'dd/mm/yyyy'));
insert into RUTA values (15000051, to_date('29/12/2015', 'dd/mm/yyyy'));
insert into RUTA values (15000052, to_date('29/12/2015', 'dd/mm/yyyy'));
insert into RUTA values (15000053, to_date('29/12/2015', 'dd/mm/yyyy'));
insert into RUTA values (15000054, to_date('29/12/2015', 'dd/mm/yyyy'));
insert into RUTA values (15000055, to_date('29/12/2015', 'dd/mm/yyyy'));
insert into RUTA values (15000056, to_date('29/12/2015', 'dd/mm/yyyy'));
insert into RUTA values (15000057, to_date('29/12/2015', 'dd/mm/yyyy'));
insert into RUTA values (15000058, to_date('29/12/2015', 'dd/mm/yyyy'));
insert into RUTA values (15000059, to_date('29/12/2015', 'dd/mm/yyyy'));
insert into RUTA values (15000060, to_date('29/12/2015', 'dd/mm/yyyy'));
insert into RUTA values (15000061, to_date('29/12/2015', 'dd/mm/yyyy'));
insert into RUTA values (15000062, to_date('29/12/2015', 'dd/mm/yyyy'));
insert into RUTA values (15000063, to_date('29/12/2015', 'dd/mm/yyyy'));
insert into RUTA values (15000064, to_date('29/12/2015', 'dd/mm/yyyy'));
insert into RUTA values (15000065, to_date('29/12/2015', 'dd/mm/yyyy'));
insert into RUTA values (15000066, to_date('29/12/2015', 'dd/mm/yyyy'));
insert into RUTA values (15000067, to_date('29/12/2015', 'dd/mm/yyyy'));
insert into RUTA values (15000068, to_date('29/12/2015', 'dd/mm/yyyy'));
insert into RUTA values (15000069, to_date('29/12/2015', 'dd/mm/yyyy'));
insert into RUTA values (15000070, to_date('29/12/2015', 'dd/mm/yyyy'));
insert into RUTA values (15000071, to_date('29/12/2015', 'dd/mm/yyyy'));
insert into RUTA values (15000072, to_date('29/12/2015', 'dd/mm/yyyy'));
insert into RUTA values (15000073, to_date('29/12/2015', 'dd/mm/yyyy'));
insert into RUTA values (15000074, to_date('29/12/2015', 'dd/mm/yyyy'));
insert into RUTA values (15000075, to_date('29/12/2015', 'dd/mm/yyyy'));
insert into RUTA values (15000076, to_date('29/12/2015', 'dd/mm/yyyy'));
insert into RUTA values (15000077, to_date('29/12/2015', 'dd/mm/yyyy'));
insert into RUTA values (15000078, to_date('29/12/2015', 'dd/mm/yyyy'));
insert into RUTA values (15000079, to_date('29/12/2015', 'dd/mm/yyyy'));
insert into RUTA values (15000080, to_date('29/12/2015', 'dd/mm/yyyy'));
insert into RUTA values (15000081, to_date('29/12/2015', 'dd/mm/yyyy'));
insert into RUTA values (15000082, to_date('29/12/2015', 'dd/mm/yyyy'));
insert into RUTA values (15000083, to_date('29/12/2015', 'dd/mm/yyyy'));
insert into RUTA values (15000084, to_date('29/12/2015', 'dd/mm/yyyy'));
insert into RUTA values (15000085, to_date('29/12/2015', 'dd/mm/yyyy'));
insert into RUTA values (16000001, to_date('02/01/2016', 'dd/mm/yyyy'));
insert into RUTA values (16000002, to_date('03/01/2016', 'dd/mm/yyyy'));
insert into RUTA values (16000003, to_date('03/01/2016', 'dd/mm/yyyy'));
insert into RUTA values (16000004, to_date('03/01/2016', 'dd/mm/yyyy'));
insert into RUTA values (16000005, to_date('05/01/2016', 'dd/mm/yyyy'));
insert into RUTA values (16000006, to_date('05/01/2016', 'dd/mm/yyyy'));
insert into RUTA values (16000007, to_date('05/01/2016', 'dd/mm/yyyy'));
insert into RUTA values (16000008, to_date('05/01/2016', 'dd/mm/yyyy'));

insert into PEDIDO values (2015010001, to_date('02/01/2015', 'dd/mm/yyyy'), '11222333-J', 15010001);
insert into PEDIDO values (2015010002, to_date('12/01/2015', 'dd/mm/yyyy'), '12345555-K', 15010002);
insert into PEDIDO values (2015010003, to_date('31/01/2015', 'dd/mm/yyyy'), '78901234-L', 15010003);
insert into PEDIDO values (2015020001, to_date('07/02/2015', 'dd/mm/yyyy'), '33322567-M', 15020001);
insert into PEDIDO values (2016020002, to_date('28/02/2016', 'dd/mm/yyyy'), '77890443-N', 16020002);
insert into PEDIDO values (2016030001, to_date('17/03/2016', 'dd/mm/yyyy'), '54467920-O', 16030001);
insert into PEDIDO values (2016040001, to_date('22/04/2016', 'dd/mm/yyyy'), '67867854-P', 16040001);
insert into PEDIDO values (2016050001, to_date('30/05/2016', 'dd/mm/yyyy'), '15678321-Q', 16050001);
insert into PEDIDO values (2016060001, to_date('10/06/2016', 'dd/mm/yyyy'), '89434456-R', 16060001);
insert into PEDIDO values (2016070001, to_date('07/07/2016', 'dd/mm/yyyy'), '70707070-S', 16070001);
insert into PEDIDO values (2016070002, to_date('27/07/2016', 'dd/mm/yyyy'), '19987832-T', 16070002);
insert into PEDIDO values (2016070003, to_date('28/07/2016', 'dd/mm/yyyy'), '22312245-U', 16070003);
insert into PEDIDO values (2016070004, to_date('29/07/2016', 'dd/mm/yyyy'), '45434241-V', 16070004);
insert into PEDIDO values (2016090001, to_date('02/09/2016', 'dd/mm/yyyy'), '34587565-W', 16090001);
insert into PEDIDO values (2016100001, to_date('25/10/2016', 'dd/mm/yyyy'), '43425678-X', 16100001);
insert into PEDIDO values (2016110001, to_date('11/11/2016', 'dd/mm/yyyy'), '11221122-Y', 16110001);
insert into PEDIDO values (2016120001, to_date('12/12/2016', 'dd/mm/yyyy'), '12121212-Z', 16120001);
insert into PEDIDO values (2017010001, to_date('02/01/2017', 'dd/mm/yyyy'), '94351122-A', 17010001);
insert into PEDIDO values (2017010002, to_date('12/01/2017', 'dd/mm/yyyy'), '94523371-B', 17010002);
insert into PEDIDO values (2017010003, to_date('22/01/2017', 'dd/mm/yyyy'), '45233714-C', 17010003);
insert into PEDIDO values (2017010004, to_date('31/01/2017', 'dd/mm/yyyy'), '24252627-D', 17010004);



insert into TRAMO values ('IRUN', 'DONOSTIA', 'AP-8', 21, 18);
insert into TRAMO values ('IRUN', 'DONOSTIA', 'N-1', 20, 26);
insert into TRAMO values ('DONOSTIA', 'IRUN', 'N-1', 20, 26);
insert into TRAMO values ('IRUN', 'EIBAR', 'AP-8', 71.7, 56);
insert into TRAMO values ('EIBAR', 'IRUN', 'AP-8', 71.7, 56);
insert into TRAMO values ('IRUN', 'BILBAO', 'AP-8', 116, 87);
insert into TRAMO values ('BILBAO', 'IRUN', 'AP-8', 116, 87);
insert into TRAMO values ('DONOSTIA', 'BILBAO', 'AP-8', 98.4, 74);
insert into TRAMO values ('DONOSTIA', 'EIBAR', 'AP-8', 54.4, 43);
insert into TRAMO values ('EIBAR', 'VITORIA-GASTEIZ', 'AP-1', 55, 49);
insert into TRAMO values ('BILBAO', 'VITORIA-GASTEIZ', 'AP-68', 64.7, 54);
insert into TRAMO values ('DONOSTIA', 'VITORIA-GASTEIZ', 'A-1', 110, 87);
insert into TRAMO values ('VITORIA-GASTEIZ', 'DONOSTIA', 'A-1', 110, 87);
insert into TRAMO values ('BILBAO', 'EIBAR', 'AP-8', 45.8, 39);
insert into TRAMO values ('EIBAR', 'BILBAO', 'AP-8', 45.8, 39);
insert into TRAMO values ('VITORIA-GASTEIZ', 'BILBAO', 'AP-68', 64.7, 54);
insert into TRAMO values ('BILBAO', 'DONOSTIA', 'AP-8', 98.4, 74);
insert into TRAMO values ('VITORIA-GASTEIZ', 'EIBAR', 'AP-1', 55, 49);
insert into TRAMO values ('EIBAR', 'DONOSTIA', 'AP-8', 54.4, 43);
insert into TRAMO values ('DONOSTIA', 'IRUN', 'AP-8', 21, 18);
insert into TRAMO values ('DONOSTIA', 'ALSASUA', 'A-1', 65.7, 53);
insert into TRAMO values ('ALSASUA', 'DONOSTIA', 'A-1', 65.7, 53);
insert into TRAMO values ('ALSASUA', 'VITORIA-GASTEIZ', 'A-1', 46.3, 37);
insert into TRAMO values ('VITORIA-GASTEIZ', 'ALSASUA', 'A-1', 46.3, 37);
insert into TRAMO values ('ALSASUA', 'PAMPLONA', 'N-240-A', 49.8, 40);
insert into TRAMO values ('PAMPLONA', 'ALSASUA', 'N-240-A', 49.8, 40);
insert into TRAMO values ('IRURZUN', 'DONOSTIA', 'A-15', 61.6, 48);
insert into TRAMO values ('DONOSTIA', 'IRURZUN', 'A-15', 61.6, 48);
insert into TRAMO values ('IRURZUN', 'PAMPLONA', 'N-240-A', 20.8, 24);
insert into TRAMO values ('PAMPLONA', 'IRURZUN', 'N-240-A', 20.8, 24);
insert into TRAMO values ('IRURZUN', 'ALSASUA', 'A-10', 30.9, 21);
insert into TRAMO values ('ALSASUA', 'IRURZUN', 'A-10', 30.9, 21);
insert into TRAMO values ('IRUN', 'PAMPLONA', 'N-121-A', 78.1, 81);
insert into TRAMO values ('PAMPLONA', 'IRUN', 'N-121-A', 78.1, 81);
insert into TRAMO values ('VITORIA-GASTEIZ', 'MIRANDA DE EBRO', 'A-1', 34.9, 32);
insert into TRAMO values ('MIRANDA DE EBRO', 'BURGOS', 'A-1', 83.8, 57);
insert into TRAMO values ('BURGOS', 'MADRID', 'A-1', 240, 161);
insert into TRAMO values ('MIRANDA DE EBRO', 'VITORIA-GASTEIZ', 'A-1', 34.9, 32);
insert into TRAMO values ('BURGOS', 'MIRANDA DE EBRO', 'A-1', 83.8, 57);
insert into TRAMO values ('MADRID', 'BURGOS', 'A-1', 240, 161);
insert into TRAMO values ('VITORIA-GASTEIZ', 'BURGOS', 'A-1', 116, 83);
insert into TRAMO values ('BURGOS', 'VITORIA-GASTEIZ', 'A-1', 116, 83);
insert into TRAMO values ('VITORIA-GASTEIZ', 'MADRID', 'A-1', 352, 234);
insert into TRAMO values ('MADRID', 'VITORIA-GASTEIZ', 'A-1', 352, 234);
insert into TRAMO values ('DONOSTIA', 'MADRID', 'A-1', 451, 297);
insert into TRAMO values ('MADRID', 'DONOSTIA', 'A-1', 451, 297);
insert into TRAMO values ('IRUN', 'MADRID', 'A-1', 468, 310);
insert into TRAMO values ('MADRID', 'IRUN', 'A-1', 468, 310);
insert into TRAMO values ('MADRID', 'BARCELONA', 'A-2', 617, 388);
insert into TRAMO values ('BARCELONA', 'MADRID', 'A-2', 617, 388);
insert into TRAMO values ('VITORIA-GASTEIZ', 'ZARAGOZA', 'AP-68', 227, 178);
insert into TRAMO values ('ZARAGOZA', 'VITORIA-GASTEIZ', 'AP-68', 227, 178);
insert into TRAMO values ('PAMPLONA', 'CASTEJON', 'A-15', 80.6, 62);
insert into TRAMO values ('CASTEJON', 'PAMPLONA', 'A-15', 80.6, 62);
insert into TRAMO values ('VITORIA-GASTEIZ', 'CASTEJON', 'AP-68', 149, 128);
insert into TRAMO values ('CASTEJON', 'VITORIA-GASTEIZ', 'AP-68', 149, 128);
insert into TRAMO values ('CASTEJON', 'ZARAGOZA', 'AP-68', 102, 74);
insert into TRAMO values ('ZARAGOZA', 'CASTEJON', 'AP-68', 102, 74);
insert into TRAMO values ('ZARAGOZA', 'LLEIDA', 'AP-2', 150, 101);
insert into TRAMO values ('LLEIDA', 'ZARAGOZA', 'AP-2', 150, 101);
insert into TRAMO values ('LLEIDA', 'BARCELONA', 'A-2', 154, 117);
insert into TRAMO values ('BARCELONA', 'LLEIDA', 'A-2', 154, 117);
insert into TRAMO values ('MADRID', 'LLEIDA', 'A-2', 461, 289);
insert into TRAMO values ('LLEIDA', 'MADRID', 'A-2', 461, 289);

insert into CARRETERA values ('A-1', 454);
insert into CARRETERA values ('AP-1', 46.2);
insert into CARRETERA values ('AP-68', 295);
insert into CARRETERA values ('AP-8', 116);
insert into CARRETERA values ('N-121-A', 64.47);
insert into CARRETERA values ('N-240-A', 16.27);
insert into CARRETERA values ('A-15', 320);
insert into CARRETERA values ('N-1', 454);
insert into CARRETERA values ('A-2', 780);
insert into CARRETERA values ('AP-2', 220);
insert into CARRETERA values ('A-10', 29);

insert into REM_PAR values ('3322BAC', 'JUNDIZ', to_date('09/01/2015', 'dd/mm/yyyy'), to_date('10/01/2015', 'dd/mm/yyyy'));
insert into REM_PAR values ('3322BAC', 'JUNDIZ', to_date('13/03/2015', 'dd/mm/yyyy'), to_date('18/03/2015', 'dd/mm/yyyy'));
insert into REM_PAR values ('3322BAC', 'JUNDIZ', to_date('21/03/2015', 'dd/mm/yyyy'), to_date('30/03/2015', 'dd/mm/yyyy'));
insert into REM_PAR values ('3322BAC', 'JUNDIZ', to_date('09/09/2015', 'dd/mm/yyyy'), to_date('19/09/2015', 'dd/mm/yyyy'));
insert into REM_PAR values ('2233CAE', 'JUNDIZ', to_date('30/01/2015', 'dd/mm/yyyy'), to_date('31/01/2015', 'dd/mm/yyyy'));
insert into REM_PAR values ('1144CIP', 'JUNDIZ', to_date('10/02/2015', 'dd/mm/yyyy'), to_date('15/02/2015', 'dd/mm/yyyy'));
insert into REM_PAR values ('1234DEA', 'JUNDIZ', to_date('09/01/2015', 'dd/mm/yyyy'), to_date('11/01/2015', 'dd/mm/yyyy'));
insert into REM_PAR values ('6543DIA', 'JUNDIZ', to_date('13/04/2015', 'dd/mm/yyyy'), to_date('16/04/2015', 'dd/mm/yyyy'));
insert into REM_PAR values ('9767FIA', 'JUNDIZ', to_date('09/02/2015', 'dd/mm/yyyy'), to_date('09/03/2015', 'dd/mm/yyyy'));
insert into REM_PAR values ('6436FOL', 'JUNDIZ', to_date('19/02/2015', 'dd/mm/yyyy'), to_date('19/02/2015', 'dd/mm/yyyy'));
insert into REM_PAR values ('9765GIL', 'JUNDIZ', to_date('27/03/2015', 'dd/mm/yyyy'), to_date('30/03/2015', 'dd/mm/yyyy'));
insert into REM_PAR values ('9087GOL', 'JUNDIZ', to_date('10/04/2015', 'dd/mm/yyyy'), to_date('12/04/2015', 'dd/mm/yyyy'));
insert into REM_PAR values ('3573HIP', 'JUNDIZ', to_date('15/06/2015', 'dd/mm/yyyy'), to_date('16/06/2015', 'dd/mm/yyyy'));
insert into REM_PAR values ('0999HOP', 'JUNDIZ', to_date('26/06/2015', 'dd/mm/yyyy'), to_date('28/06/2015', 'dd/mm/yyyy'));
insert into REM_PAR values ('6831JAM', 'JUNDIZ', to_date('01/07/2015', 'dd/mm/yyyy'), to_date('06/07/2015', 'dd/mm/yyyy'));
insert into REM_PAR values ('3322BAC', 'ALI', to_date('08/02/2015', 'dd/mm/yyyy'), to_date('09/02/2015', 'dd/mm/yyyy'));
insert into REM_PAR values ('2233CAE', 'ALI', to_date('19/01/2015', 'dd/mm/yyyy'), to_date('19/01/2015', 'dd/mm/yyyy'));
insert into REM_PAR values ('1144CIP', 'ALI', to_date('20/02/2015', 'dd/mm/yyyy'), to_date('23/02/2015', 'dd/mm/yyyy'));
insert into REM_PAR values ('1234DEA', 'ALI', to_date('10/11/2015', 'dd/mm/yyyy'), to_date('12/11/2015', 'dd/mm/yyyy'));
insert into REM_PAR values ('6543DIA', 'ALI', to_date('10/11/2015', 'dd/mm/yyyy'), to_date('12/11/2015', 'dd/mm/yyyy'));
insert into REM_PAR values ('9767FIA', 'ALI', to_date('18/12/2015', 'dd/mm/yyyy'), to_date('19/12/2015', 'dd/mm/yyyy'));
insert into REM_PAR values ('6436FOL', 'ALI', to_date('08/02/2015', 'dd/mm/yyyy'), to_date('09/02/2015', 'dd/mm/yyyy'));
insert into REM_PAR values ('9765GIL', 'ALI', to_date('09/01/2015', 'dd/mm/yyyy'), to_date('11/01/015', 'dd/mm/yyyy'));
insert into REM_PAR values ('9087GOL', 'ALI', to_date('08/02/2015', 'dd/mm/yyyy'), to_date('09/02/2015', 'dd/mm/yyyy'));
insert into REM_PAR values ('3573HIP', 'ALI', to_date('01/07/2015', 'dd/mm/yyyy'), to_date('09/07/2015', 'dd/mm/yyyy'));
insert into REM_PAR values ('0999HOP', 'ALI', to_date('08/02/2015', 'dd/mm/yyyy'), to_date('09/02/2015', 'dd/mm/yyyy'));
insert into REM_PAR values ('6831JAM', 'ALI', to_date('09/01/2015', 'dd/mm/yyyy'), to_date('10/01/2015', 'dd/mm/yyyy'));
insert into REM_PAR values ('3322BAC', 'GOBEO', to_date('09/02/2015', 'dd/mm/yyyy'), to_date('10/02/2015', 'dd/mm/yyyy'));
insert into REM_PAR values ('2233CAE', 'GOBEO', to_date('09/03/2015', 'dd/mm/yyyy'), to_date('10/03/2015', 'dd/mm/yyyy'));
insert into REM_PAR values ('1144CIP', 'GOBEO', to_date('09/04/2015', 'dd/mm/yyyy'), to_date('10/04/2015', 'dd/mm/yyyy'));
insert into REM_PAR values ('1234DEA', 'GOBEO', to_date('09/05/2015', 'dd/mm/yyyy'), to_date('10/05/2015', 'dd/mm/yyyy'));
insert into REM_PAR values ('6543DIA', 'GOBEO', to_date('09/06/2015', 'dd/mm/yyyy'), to_date('10/06/2015', 'dd/mm/yyyy'));
insert into REM_PAR values ('9767FIA', 'GOBEO', to_date('09/07/2015', 'dd/mm/yyyy'), to_date('10/07/2015', 'dd/mm/yyyy'));
insert into REM_PAR values ('6436FOL', 'GOBEO', to_date('09/08/2015', 'dd/mm/yyyy'), to_date('10/08/2015', 'dd/mm/yyyy'));
insert into REM_PAR values ('9765GIL', 'GOBEO', to_date('09/09/2015', 'dd/mm/yyyy'), to_date('10/09/2015', 'dd/mm/yyyy'));
insert into REM_PAR values ('9087GOL', 'GOBEO', to_date('09/10/2015', 'dd/mm/yyyy'), to_date('10/10/2015', 'dd/mm/yyyy'));
insert into REM_PAR values ('3573HIP', 'GOBEO', to_date('09/11/2015', 'dd/mm/yyyy'), to_date('10/11/2015', 'dd/mm/yyyy'));
insert into REM_PAR values ('0999HOP', 'GOBEO', to_date('09/12/2015', 'dd/mm/yyyy'), to_date('10/12/2015', 'dd/mm/yyyy'));
insert into REM_PAR values ('6831JAM', 'GOBEO', to_date('09/01/2016', 'dd/mm/yyyy'), to_date('10/01/2017', 'dd/mm/yyyy'));
insert into REM_PAR values ('3322BAC', 'CIUDAD JARDIN', to_date('19/02/2015', 'dd/mm/yyyy'), to_date('20/02/2015', 'dd/mm/yyyy'));
insert into REM_PAR values ('2233CAE', 'CIUDAD JARDIN', to_date('19/03/2015', 'dd/mm/yyyy'), to_date('20/03/2015', 'dd/mm/yyyy'));
insert into REM_PAR values ('1144CIP', 'CIUDAD JARDIN', to_date('19/04/2015', 'dd/mm/yyyy'), to_date('20/04/2015', 'dd/mm/yyyy'));
insert into REM_PAR values ('1234DEA', 'CIUDAD JARDIN', to_date('19/05/2015', 'dd/mm/yyyy'), to_date('20/05/2015', 'dd/mm/yyyy'));
insert into REM_PAR values ('6543DIA', 'CIUDAD JARDIN', to_date('19/06/2015', 'dd/mm/yyyy'), to_date('20/06/2015', 'dd/mm/yyyy'));
insert into REM_PAR values ('9767FIA', 'CIUDAD JARDIN', to_date('19/07/2015', 'dd/mm/yyyy'), to_date('20/07/2015', 'dd/mm/yyyy'));
insert into REM_PAR values ('6436FOL', 'CIUDAD JARDIN', to_date('19/08/2015', 'dd/mm/yyyy'), to_date('20/08/2015', 'dd/mm/yyyy'));
insert into REM_PAR values ('9765GIL', 'CIUDAD JARDIN', to_date('19/09/2015', 'dd/mm/yyyy'), to_date('20/09/2015', 'dd/mm/yyyy'));
insert into REM_PAR values ('9087GOL', 'CIUDAD JARDIN', to_date('19/10/2015', 'dd/mm/yyyy'), to_date('20/10/2015', 'dd/mm/yyyy'));
insert into REM_PAR values ('3573HIP', 'CIUDAD JARDIN', to_date('19/11/2015', 'dd/mm/yyyy'), to_date('20/11/2015', 'dd/mm/yyyy'));
insert into REM_PAR values ('0999HOP', 'CIUDAD JARDIN', to_date('19/12/2015', 'dd/mm/yyyy'), to_date('20/12/2015', 'dd/mm/yyyy'));
insert into REM_PAR values ('6831JAM', 'CIUDAD JARDIN', to_date('19/01/2016', 'dd/mm/yyyy'), to_date('20/01/2016', 'dd/mm/yyyy'));
insert into REM_PAR values ('3322BAC', 'MIRAMON', to_date('26/02/2015', 'dd/mm/yyyy'), to_date('28/02/2015', 'dd/mm/yyyy'));
insert into REM_PAR values ('2233CAE', 'MIRAMON', to_date('29/03/2015', 'dd/mm/yyyy'), to_date('30/03/2015', 'dd/mm/yyyy'));
insert into REM_PAR values ('1144CIP', 'MIRAMON', to_date('29/04/2015', 'dd/mm/yyyy'), to_date('30/04/2015', 'dd/mm/yyyy'));
insert into REM_PAR values ('1234DEA', 'MIRAMON', to_date('29/05/2015', 'dd/mm/yyyy'), to_date('30/05/2015', 'dd/mm/yyyy'));
insert into REM_PAR values ('6543DIA', 'MIRAMON', to_date('29/06/2015', 'dd/mm/yyyy'), to_date('30/06/2015', 'dd/mm/yyyy'));
insert into REM_PAR values ('9767FIA', 'MIRAMON', to_date('29/07/2015', 'dd/mm/yyyy'), to_date('30/07/2015', 'dd/mm/yyyy'));
insert into REM_PAR values ('6436FOL', 'MIRAMON', to_date('29/08/2015', 'dd/mm/yyyy'), to_date('30/08/2015', 'dd/mm/yyyy'));
insert into REM_PAR values ('9765GIL', 'MIRAMON', to_date('29/09/2015', 'dd/mm/yyyy'), to_date('30/09/2015', 'dd/mm/yyyy'));
insert into REM_PAR values ('9087GOL', 'MIRAMON', to_date('29/10/2015', 'dd/mm/yyyy'), to_date('30/10/2015', 'dd/mm/yyyy'));
insert into REM_PAR values ('3573HIP', 'MIRAMON', to_date('29/11/2015', 'dd/mm/yyyy'), to_date('30/11/2015', 'dd/mm/yyyy'));
insert into REM_PAR values ('0999HOP', 'MIRAMON', to_date('29/12/2015', 'dd/mm/yyyy'), to_date('30/12/2015', 'dd/mm/yyyy'));
insert into REM_PAR values ('6831JAM', 'MIRAMON', to_date('29/01/2016', 'dd/mm/yyyy'), to_date('30/01/2016', 'dd/mm/yyyy'));
insert into REM_PAR values ('3322BAC', 'ERGOBIA', to_date('10/02/2015', 'dd/mm/yyyy'), to_date('11/02/2015', 'dd/mm/yyyy'));
insert into REM_PAR values ('2233CAE', 'ERGOBIA', to_date('10/03/2015', 'dd/mm/yyyy'), to_date('11/03/2015', 'dd/mm/yyyy'));
insert into REM_PAR values ('1144CIP', 'ERGOBIA', to_date('10/04/2015', 'dd/mm/yyyy'), to_date('11/04/2015', 'dd/mm/yyyy'));
insert into REM_PAR values ('1234DEA', 'ERGOBIA', to_date('10/05/2015', 'dd/mm/yyyy'), to_date('11/05/2015', 'dd/mm/yyyy'));
insert into REM_PAR values ('6543DIA', 'ERGOBIA', to_date('10/06/2015', 'dd/mm/yyyy'), to_date('11/06/2015', 'dd/mm/yyyy'));
insert into REM_PAR values ('9767FIA', 'ERGOBIA', to_date('10/07/2015', 'dd/mm/yyyy'), to_date('11/07/2015', 'dd/mm/yyyy'));
insert into REM_PAR values ('6436FOL', 'ERGOBIA', to_date('10/08/2015', 'dd/mm/yyyy'), to_date('11/08/2015', 'dd/mm/yyyy'));
insert into REM_PAR values ('9765GIL', 'ERGOBIA', to_date('10/09/2015', 'dd/mm/yyyy'), to_date('11/09/2015', 'dd/mm/yyyy'));
insert into REM_PAR values ('9087GOL', 'ERGOBIA', to_date('10/10/2015', 'dd/mm/yyyy'), to_date('11/10/2015', 'dd/mm/yyyy'));
insert into REM_PAR values ('3573HIP', 'ERGOBIA', to_date('10/11/2015', 'dd/mm/yyyy'), to_date('11/11/2015', 'dd/mm/yyyy'));
insert into REM_PAR values ('0999HOP', 'ERGOBIA', to_date('10/12/2015', 'dd/mm/yyyy'), to_date('11/12/2015', 'dd/mm/yyyy'));
insert into REM_PAR values ('6831JAM', 'ERGOBIA', to_date('10/01/2016', 'dd/mm/yyyy'), to_date('11/01/2016', 'dd/mm/yyyy'));
insert into REM_PAR values ('3322BAC', 'IGARA', to_date('17/02/2015', 'dd/mm/yyyy'), to_date('19/02/2015', 'dd/mm/yyyy'));
insert into REM_PAR values ('2233CAE', 'IGARA', to_date('17/03/2015', 'dd/mm/yyyy'), to_date('19/03/2015', 'dd/mm/yyyy'));
insert into REM_PAR values ('1144CIP', 'IGARA', to_date('17/04/2015', 'dd/mm/yyyy'), to_date('19/04/2015', 'dd/mm/yyyy'));
insert into REM_PAR values ('1234DEA', 'IGARA', to_date('17/05/2015', 'dd/mm/yyyy'), to_date('19/05/2015', 'dd/mm/yyyy'));
insert into REM_PAR values ('6543DIA', 'IGARA', to_date('17/06/2015', 'dd/mm/yyyy'), to_date('19/06/2015', 'dd/mm/yyyy'));
insert into REM_PAR values ('9767FIA', 'IGARA', to_date('17/07/2015', 'dd/mm/yyyy'), to_date('19/07/2015', 'dd/mm/yyyy'));
insert into REM_PAR values ('6436FOL', 'IGARA', to_date('17/08/2015', 'dd/mm/yyyy'), to_date('19/08/2015', 'dd/mm/yyyy'));
insert into REM_PAR values ('9765GIL', 'IGARA', to_date('17/09/2015', 'dd/mm/yyyy'), to_date('19/09/2015', 'dd/mm/yyyy'));
insert into REM_PAR values ('9087GOL', 'IGARA', to_date('17/10/2015', 'dd/mm/yyyy'), to_date('19/10/2015', 'dd/mm/yyyy'));
insert into REM_PAR values ('3573HIP', 'IGARA', to_date('17/11/2015', 'dd/mm/yyyy'), to_date('19/11/2015', 'dd/mm/yyyy'));
insert into REM_PAR values ('0999HOP', 'IGARA', to_date('17/12/2015', 'dd/mm/yyyy'), to_date('19/12/2015', 'dd/mm/yyyy'));
insert into REM_PAR values ('6831JAM', 'IGARA', to_date('17/01/2016', 'dd/mm/yyyy'), to_date('19/01/2016', 'dd/mm/yyyy'));
insert into REM_PAR values ('3322BAC', 'MUGA', to_date('09/01/2016', 'dd/mm/yyyy'), to_date('10/01/2016', 'dd/mm/yyyy'));
insert into REM_PAR values ('2233CAE', 'MUGA', to_date('09/02/2016', 'dd/mm/yyyy'), to_date('10/02/2016', 'dd/mm/yyyy'));
insert into REM_PAR values ('1144CIP', 'MUGA', to_date('09/03/2016', 'dd/mm/yyyy'), to_date('10/03/2016', 'dd/mm/yyyy'));
insert into REM_PAR values ('1234DEA', 'MUGA', to_date('09/04/2016', 'dd/mm/yyyy'), to_date('10/04/2016', 'dd/mm/yyyy'));
insert into REM_PAR values ('6543DIA', 'MUGA', to_date('09/05/2016', 'dd/mm/yyyy'), to_date('10/05/2016', 'dd/mm/yyyy'));
insert into REM_PAR values ('9767FIA', 'MUGA', to_date('09/06/2016', 'dd/mm/yyyy'), to_date('10/06/2016', 'dd/mm/yyyy'));
insert into REM_PAR values ('6436FOL', 'MUGA', to_date('09/07/2016', 'dd/mm/yyyy'), to_date('10/07/2016', 'dd/mm/yyyy'));
insert into REM_PAR values ('9765GIL', 'MUGA', to_date('09/08/2016', 'dd/mm/yyyy'), to_date('10/08/2016', 'dd/mm/yyyy'));
insert into REM_PAR values ('9087GOL', 'MUGA', to_date('09/09/2016', 'dd/mm/yyyy'), to_date('10/09/2016', 'dd/mm/yyyy'));
insert into REM_PAR values ('3573HIP', 'MUGA', to_date('09/10/2016', 'dd/mm/yyyy'), to_date('10/10/2016', 'dd/mm/yyyy'));
insert into REM_PAR values ('0999HOP', 'MUGA', to_date('09/11/2016', 'dd/mm/yyyy'), to_date('10/11/2016', 'dd/mm/yyyy'));
insert into REM_PAR values ('6831JAM', 'MUGA', to_date('09/12/2016', 'dd/mm/yyyy'), to_date('10/12/2016', 'dd/mm/yyyy'));
insert into REM_PAR values ('3322BAC', 'FICOBA', to_date('09/01/2017', 'dd/mm/yyyy'), to_date('09/01/2017', 'dd/mm/yyyy'));
insert into REM_PAR values ('2233CAE', 'FICOBA', to_date('09/02/2017', 'dd/mm/yyyy'), to_date('09/02/2017', 'dd/mm/yyyy'));
insert into REM_PAR values ('3322BAC', 'BEHOBIA', to_date('19/01/2017', 'dd/mm/yyyy'), to_date('20/01/2017', 'dd/mm/yyyy'));
insert into REM_PAR values ('2233CAE', 'BEHOBIA', to_date('19/01/2017', 'dd/mm/yyyy'), to_date('19/01/2017', 'dd/mm/yyyy'));
insert into REM_PAR values ('3322BAC', 'MONTERO', to_date('30/01/2015', 'dd/mm/yyyy'), to_date('31/01/2015', 'dd/mm/yyyy'));
insert into REM_PAR values ('2233CAE', 'MONTERO', to_date('28/02/2015', 'dd/mm/yyyy'), to_date('28/02/2015', 'dd/mm/yyyy'));
insert into REM_PAR values ('3322BAC', 'SADAR', to_date('10/02/2018', 'dd/mm/yyyy'), to_date('10/02/2018', 'dd/mm/yyyy'));
insert into REM_PAR values ('2233CAE', 'SADAR', to_date('20/03/2018', 'dd/mm/yyyy'), to_date('21/03/2018', 'dd/mm/yyyy'));
insert into REM_PAR values ('3322BAC', 'RONTEGI', to_date('09/04/2016', 'dd/mm/yyyy'), to_date('10/04/2016', 'dd/mm/yyyy'));
insert into REM_PAR values ('2233CAE', 'RONTEGI', to_date('19/05/2016', 'dd/mm/yyyy'), to_date('20/05/2016', 'dd/mm/yyyy'));
insert into REM_PAR values ('3322BAC', 'BASURTO', to_date('23/06/2017', 'dd/mm/yyyy'), to_date('24/06/2017', 'dd/mm/yyyy'));
insert into REM_PAR values ('2233CAE', 'BASURTO', to_date('23/06/2017', 'dd/mm/yyyy'), to_date('25/06/2017', 'dd/mm/yyyy'));
insert into REM_PAR values ('3322BAC', 'SUPERSUR', to_date('17/08/2017', 'dd/mm/yyyy'), to_date('19/08/2017', 'dd/mm/yyyy'));
insert into REM_PAR values ('2233CAE', 'SUPERSUR', to_date('01/09/2017', 'dd/mm/yyyy'), to_date('02/09/2017', 'dd/mm/yyyy'));
insert into REM_PAR values ('3322BAC', 'KAIA', to_date('05/10/2017', 'dd/mm/yyyy'), to_date('06/10/2017', 'dd/mm/yyyy'));
insert into REM_PAR values ('2233CAE', 'KAIA', to_date('15/11/2017', 'dd/mm/yyyy'), to_date('16/11/2017', 'dd/mm/yyyy'));
insert into REM_PAR values ('3322BAC', 'PLANTIO', to_date('26/12/2017', 'dd/mm/yyyy'), to_date('28/12/2017', 'dd/mm/yyyy'));
insert into REM_PAR values ('2233CAE', 'PLANTIO', to_date('01/01/2018', 'dd/mm/yyyy'), to_date('02/01/2018', 'dd/mm/yyyy'));
insert into REM_PAR values ('6436FOL', 'ALUCHE SUR', to_date('19/02/2018', 'dd/mm/yyyy'), to_date('20/02/2018', 'dd/mm/yyyy'));
insert into REM_PAR values ('9765GIL', 'ALUCHE SUR', to_date('19/02/2018', 'dd/mm/yyyy'), to_date('20/02/2018', 'dd/mm/yyyy'));
insert into REM_PAR values ('3322BAC', 'ALCOBENDAS NORTE', to_date('13/02/2018', 'dd/mm/yyyy'), to_date('13/02/2018', 'dd/mm/yyyy'));
insert into REM_PAR values ('2233CAE', 'ALCOBENDAS NORTE', to_date('14/03/2018', 'dd/mm/yyyy'), to_date('16/03/2018', 'dd/mm/yyyy'));
insert into REM_PAR values ('3573HIP', 'CUATRO CAMINOS', to_date('09/04/2018', 'dd/mm/yyyy'), to_date('09/04/2018', 'dd/mm/yyyy'));
insert into REM_PAR values ('0999HOP', 'CUATRO CAMINOS', to_date('09/05/2018', 'dd/mm/yyyy'), to_date('09/05/2018', 'dd/mm/yyyy'));
insert into REM_PAR values ('1234DEA', 'BURUNDA', to_date('19/06/2018', 'dd/mm/yyyy'), to_date('20/06/2018', 'dd/mm/yyyy'));
insert into REM_PAR values ('6543DIA', 'BURUNDA', to_date('19/07/2018', 'dd/mm/yyyy'), to_date('20/07/2018', 'dd/mm/yyyy'));
insert into REM_PAR values ('1144CIP', 'IPURUA', to_date('09/08/2018', 'dd/mm/yyyy'), to_date('09/08/2018', 'dd/mm/yyyy'));
insert into REM_PAR values ('1234DEA', 'IPURUA', to_date('09/09/2018', 'dd/mm/yyyy'), to_date('09/09/2018', 'dd/mm/yyyy'));
insert into REM_PAR values ('6831JAM', 'BARNORTE', to_date('09/10/2018', 'dd/mm/yyyy'), to_date('11/10/2018', 'dd/mm/yyyy'));
insert into REM_PAR values ('1144CIP', 'BARNORTE', to_date('09/10/2018', 'dd/mm/yyyy'), to_date('11/10/2018', 'dd/mm/yyyy'));
insert into REM_PAR values ('2233CAE', 'BAROESTE', to_date('22/05/2018', 'dd/mm/yyyy'), to_date('22/05/2018', 'dd/mm/yyyy'));
insert into REM_PAR values ('1144CIP', 'BAROESTE', to_date('22/05/2018', 'dd/mm/yyyy'), to_date('23/05/2018', 'dd/mm/yyyy'));
insert into REM_PAR values ('6831JAM', 'TRANSEBRO', to_date('30/06/2018', 'dd/mm/yyyy'), to_date('30/06/2018', 'dd/mm/yyyy'));
insert into REM_PAR values ('1144CIP', 'TRANSEBRO', to_date('29/06/2018', 'dd/mm/yyyy'), to_date('30/06/2018', 'dd/mm/yyyy'));

insert into PARQUE values ('JUNDIZ', 570, 'VITORIA-GASTEIZ');
insert into PARQUE values ('ALI', 230, 'VITORIA-GASTEIZ');
insert into PARQUE values ('GOBEO', 120, 'VITORIA-GASTEIZ');
insert into PARQUE values ('PLANTIO', 330, 'BURGOS');
insert into PARQUE values ('MIRAMON', 80, 'DONOSTIA');
insert into PARQUE values ('ERGOBIA', 170, 'DONOSTIA');
insert into PARQUE values ('IGARA', 200, 'DONOSTIA');
insert into PARQUE values ('CIUDAD JARDIN', 110, 'VITORIA-GASTEIZ');
insert into PARQUE values ('ALUCHE SUR', 900, 'MADRID');
insert into PARQUE values ('ALCOBENDAS NORTE', 780, 'MADRID');
insert into PARQUE values ('CUATRO CAMINOS', 100, 'MIRANDA DE EBRO');
insert into PARQUE values ('BURUNDA', 450, 'ALSASUA');
insert into PARQUE values ('IPURUA', 100, 'EIBAR');
insert into PARQUE values ('MUGA', 500, 'IRUN');
insert into PARQUE values ('FICOBA', 1300, 'IRUN');
insert into PARQUE values ('BEHOBIA', 90, 'IRUN');
insert into PARQUE values ('MONTERO', 350, 'IRUN');
insert into PARQUE values ('BARNORTE', 500, 'BARCELONA');
insert into PARQUE values ('BAROESTE', 750, 'BARCELONA');
insert into PARQUE values ('SADAR', 110, 'PAMPLONA');
insert into PARQUE values ('TRANSEBRO', 770, 'ZARAGOZA');
insert into PARQUE values ('RONTEGI', 245, 'BILBAO');
insert into PARQUE values ('BASURTO', 430, 'BILBAO');
insert into PARQUE values ('SUPERSUR', 610, 'BILBAO');
insert into PARQUE values ('KAIA', 1100, 'BILBAO');

insert into REMOLQUE values ('3322BAC', 1000, 3000);
insert into REMOLQUE values ('2233CAE', 1200.5, 4000);
insert into REMOLQUE values ('1144CIP', 1300, 5000);
insert into REMOLQUE values ('1234DEA', 1400, 6000);
insert into REMOLQUE values ('6543DIA', 1500, 7000);
insert into REMOLQUE values ('9767FIA', 1600.75, 7000);
insert into REMOLQUE values ('6436FOL', 1700, 8000);
insert into REMOLQUE values ('9765GIL', 1800, 8000.5);
insert into REMOLQUE values ('9087GOL', 1800, 8000);
insert into REMOLQUE values ('3573HIP', 1400, 9000);
insert into REMOLQUE values ('0999HOP', 1400, 9000.75);
insert into REMOLQUE values ('6831JAM', 1900, 9000);

insert into CAM_REM values ('1234ABC', '3322BAC');
insert into CAM_REM values ('1234ABC', '2233CAE');
insert into CAM_REM values ('1234ABC', '1144CIP');
insert into CAM_REM values ('1234ABC', '1234DEA');
insert into CAM_REM values ('1234ABC', '6543DIA');
insert into CAM_REM values ('1234ABC', '9767FIA');
insert into CAM_REM values ('1234ABC', '6436FOL');
insert into CAM_REM values ('1234ABC', '9765GIL');
insert into CAM_REM values ('1234ABC', '9087GOL');
insert into CAM_REM values ('1234ABC', '3573HIP');
insert into CAM_REM values ('1234ABC', '0999HOP');
insert into CAM_REM values ('1234ABC', '6831JAM');
insert into CAM_REM values ('5678BIC', '3322BAC');
insert into CAM_REM values ('5678BIC', '2233CAE');
insert into CAM_REM values ('5678BIC', '1144CIP');
insert into CAM_REM values ('5678BIC', '1234DEA');
insert into CAM_REM values ('5678BIC', '6543DIA');
insert into CAM_REM values ('5678BIC', '9767FIA');
insert into CAM_REM values ('5678BIC', '6436FOL');
insert into CAM_REM values ('5678BIC', '9765GIL');
insert into CAM_REM values ('5678BIC', '9087GOL');
insert into CAM_REM values ('5678BIC', '3573HIP');
insert into CAM_REM values ('5678BIC', '0999HOP');
insert into CAM_REM values ('5678BIC', '6831JAM');
insert into CAM_REM values ('9100CAD', '3322BAC');
insert into CAM_REM values ('9100CAD', '2233CAE');
insert into CAM_REM values ('9100CAD', '1144CIP');
insert into CAM_REM values ('9100CAD', '1234DEA');
insert into CAM_REM values ('9100CAD', '6543DIA');
insert into CAM_REM values ('9100CAD', '9767FIA');
insert into CAM_REM values ('9100CAD', '6436FOL');
insert into CAM_REM values ('9100CAD', '9765GIL');
insert into CAM_REM values ('9100CAD', '9087GOL');
insert into CAM_REM values ('9100CAD', '3573HIP');
insert into CAM_REM values ('9100CAD', '0999HOP');
insert into CAM_REM values ('9100CAD', '6831JAM');
insert into CAM_REM values ('1178CDC', '3322BAC');
insert into CAM_REM values ('1178CDC', '2233CAE');
insert into CAM_REM values ('1178CDC', '1144CIP');
insert into CAM_REM values ('1178CDC', '1234DEA');
insert into CAM_REM values ('1178CDC', '6543DIA');
insert into CAM_REM values ('1178CDC', '9767FIA');
insert into CAM_REM values ('1178CDC', '6436FOL');
insert into CAM_REM values ('1178CDC', '9765GIL');
insert into CAM_REM values ('1178CDC', '9087GOL');
insert into CAM_REM values ('1178CDC', '3573HIP');
insert into CAM_REM values ('1178CDC', '0999HOP');
insert into CAM_REM values ('1178CDC', '6831JAM');
insert into CAM_REM values ('1234CUP', '3322BAC');
insert into CAM_REM values ('1234CUP', '2233CAE');
insert into CAM_REM values ('1234CUP', '1144CIP');
insert into CAM_REM values ('1234CUP', '1234DEA');
insert into CAM_REM values ('1234CUP', '6543DIA');
insert into CAM_REM values ('1234CUP', '9767FIA');
insert into CAM_REM values ('1234CUP', '6436FOL');
insert into CAM_REM values ('1234CUP', '9765GIL');
insert into CAM_REM values ('1234CUP', '9087GOL');
insert into CAM_REM values ('1234CUP', '3573HIP');
insert into CAM_REM values ('1234CUP', '0999HOP');
insert into CAM_REM values ('1234CUP', '6831JAM');
insert into CAM_REM values ('1234DAM', '3322BAC');
insert into CAM_REM values ('1234DAM', '2233CAE');
insert into CAM_REM values ('1234DAM', '1144CIP');
insert into CAM_REM values ('1234DAM', '1234DEA');
insert into CAM_REM values ('1234DAM', '6543DIA');
insert into CAM_REM values ('1234DAM', '9767FIA');
insert into CAM_REM values ('1234DAM', '6436FOL');
insert into CAM_REM values ('1234DAM', '9765GIL');
insert into CAM_REM values ('1234DAM', '9087GOL');
insert into CAM_REM values ('1234DAM', '3573HIP');
insert into CAM_REM values ('1234DAM', '0999HOP');
insert into CAM_REM values ('1234DAM', '6831JAM');
insert into CAM_REM values ('1234ERC', '3322BAC');
insert into CAM_REM values ('1234ERC', '2233CAE');
insert into CAM_REM values ('1234ERC', '1144CIP');
insert into CAM_REM values ('1234ERC', '1234DEA');
insert into CAM_REM values ('1234ERC', '6543DIA');
insert into CAM_REM values ('1234ERC', '9767FIA');
insert into CAM_REM values ('1234ERC', '6436FOL');
insert into CAM_REM values ('1234ERC', '9765GIL');
insert into CAM_REM values ('1234ERC', '9087GOL');
insert into CAM_REM values ('1234ERC', '3573HIP');
insert into CAM_REM values ('1234ERC', '0999HOP');
insert into CAM_REM values ('1234ERC', '6831JAM');
insert into CAM_REM values ('1234FMI', '3322BAC');
insert into CAM_REM values ('1234FMI', '2233CAE');
insert into CAM_REM values ('1234FMI', '1144CIP');
insert into CAM_REM values ('1234FMI', '1234DEA');
insert into CAM_REM values ('1234FMI', '6543DIA');
insert into CAM_REM values ('1234FMI', '9767FIA');
insert into CAM_REM values ('1234FRA', '6436FOL');
insert into CAM_REM values ('1234FRA', '9765GIL');
insert into CAM_REM values ('1234FRA', '9087GOL');
insert into CAM_REM values ('1234FRA', '3573HIP');
insert into CAM_REM values ('1234FRA', '0999HOP');
insert into CAM_REM values ('1234FRA', '6831JAM');
insert into CAM_REM values ('1234GIP', '3322BAC');
insert into CAM_REM values ('1234HAY', '2233CAE');
insert into CAM_REM values ('1234GIP', '1144CIP');
insert into CAM_REM values ('1234HAY', '1234DEA');
insert into CAM_REM values ('1234GIP', '6543DIA');
insert into CAM_REM values ('1234HAY', '9767FIA');
insert into CAM_REM values ('1234GIP', '6436FOL');
insert into CAM_REM values ('1234HAY', '9765GIL');
insert into CAM_REM values ('1234GIP', '9087GOL');
insert into CAM_REM values ('1234HAY', '3573HIP');
insert into CAM_REM values ('1234GIP', '0999HOP');
insert into CAM_REM values ('1234HAY', '6831JAM');
insert into CAM_REM values ('1234HOY', '6543DIA');
insert into CAM_REM values ('1234HOY', '9767FIA');
insert into CAM_REM values ('1234HOY', '6436FOL');

insert into CIUDAD values ('VITORIA-GASTEIZ', 276);
insert into CIUDAD values ('BURGOS', 107);
insert into CIUDAD values ('DONOSTIA', 61);
insert into CIUDAD values ('MADRID', 604);
insert into CIUDAD values ('MIRANDA DE EBRO', 101);
insert into CIUDAD values ('ALSASUA', 27);
insert into CIUDAD values ('EIBAR', 25);
insert into CIUDAD values ('IRUN', 42);
insert into CIUDAD values ('BARCELONA', 102);
insert into CIUDAD values ('PAMPLONA', 24);
insert into CIUDAD values ('IRURZUN', 30);
insert into CIUDAD values ('ZARAGOZA', 974);
insert into CIUDAD values ('BILBAO', 42);
insert into CIUDAD values ('CASTEJON', 55);
insert into CIUDAD values ('LLEIDA', 55);

insert into CAMION values ('1234ABC', 4433, to_date('20/10/2000','dd/mm/yyyy'));
insert into CAMION values ('5678BIC', 9030.5, to_date('09/04/2002','dd/mm/yyyy'));
insert into CAMION values ('9100CAD', 4000.75, to_date('18/05/2004','dd/mm/yyyy'));
insert into CAMION values ('1178CDC', 3200, to_date('23/11/2004','dd/mm/yyyy'));
insert into CAMION values ('1234CUP', 7750.5, to_date('22/03/2005','dd/mm/yyyy'));
insert into CAMION values ('1234DAM', 6999.75, to_date('30/08/2005','dd/mm/yyyy'));
insert into CAMION values ('1234ERC', 1000, to_date('07/07/2007','dd/mm/yyyy'));
insert into CAMION values ('1234FMI', 4400.5, to_date('11/10/2009','dd/mm/yyyy'));
insert into CAMION values ('1234FRA', 3200, to_date('04/06/2010','dd/mm/yyyy'));
insert into CAMION values ('1234GIP', 1500, to_date('31/12/2011','dd/mm/yyyy'));
insert into CAMION values ('1234HAY', 5500.5, to_date('29/02/2012','dd/mm/yyyy'));
insert into CAMION values ('1234HOY', 8000, to_date('02/01/2013','dd/mm/yyyy'));

insert into CON_CAM values (3, '1234ABC');
insert into CON_CAM values (3, '5678BIC');
insert into CON_CAM values (7, '9100CAD');
insert into CON_CAM values (7, '1178CDC');
insert into CON_CAM values (6, '1234CUP');
insert into CON_CAM values (6, '1234DAM');
insert into CON_CAM values (17, '1234ERC');
insert into CON_CAM values (17, '1234FMI');
insert into CON_CAM values (13, '1234FRA');
insert into CON_CAM values (16, '1234GIP');
insert into CON_CAM values (13, '1234HAY');
insert into CON_CAM values (16, '1234HOY');
insert into CON_CAM values (1, '5678BIC');
insert into CON_CAM values (1, '9100CAD');
insert into CON_CAM values (1, '1178CDC');
insert into CON_CAM values (1, '1234DAM');
insert into CON_CAM values (1, '1234ERC');
insert into CON_CAM values (1, '1234FMI');
insert into CON_CAM values (1, '1234HAY');
insert into CON_CAM values (1, '1234HOY');
insert into CON_CAM values (2, '5678BIC');
insert into CON_CAM values (2, '9100CAD');
insert into CON_CAM values (2, '1178CDC');
insert into CON_CAM values (2, '1234DAM');
insert into CON_CAM values (2, '1234ERC');
insert into CON_CAM values (2, '1234FMI');
insert into CON_CAM values (2, '1234HAY');
insert into CON_CAM values (2, '1234HOY');
insert into CON_CAM values (4, '5678BIC');
insert into CON_CAM values (4, '9100CAD');
insert into CON_CAM values (5, '1178CDC');
insert into CON_CAM values (5, '1234DAM');
insert into CON_CAM values (5, '1234ERC');
insert into CON_CAM values (7, '1234FMI');
insert into CON_CAM values (7, '1234HAY');
insert into CON_CAM values (7, '1234HOY');
insert into CON_CAM values (8, '5678BIC');
insert into CON_CAM values (8, '9100CAD');
insert into CON_CAM values (9, '1178CDC');
insert into CON_CAM values (9, '1234DAM');
insert into CON_CAM values (10, '1234ERC');
insert into CON_CAM values (10, '1234FMI');
insert into CON_CAM values (10, '1234HAY');
insert into CON_CAM values (10, '1234HOY');
insert into CON_CAM values (11, '5678BIC');
insert into CON_CAM values (11, '9100CAD');
insert into CON_CAM values (12, '1178CDC');
insert into CON_CAM values (12, '1234DAM');
insert into CON_CAM values (14, '1234ERC');
insert into CON_CAM values (14, '1234FMI');
insert into CON_CAM values (14, '1234HAY');
insert into CON_CAM values (15, '1234HOY');
insert into CON_CAM values (15, '5678BIC');
insert into CON_CAM values (15, '9100CAD');
insert into CON_CAM values (17, '1178CDC');
insert into CON_CAM values (17, '1234DAM');
insert into CON_CAM values (18, '1234ERC');
insert into CON_CAM values (18, '1234FMI');
insert into CON_CAM values (18, '1234HAY');
insert into CON_CAM values (18, '1234HOY');

insert into CONDUCTOR values (1, 'FERNANDO', 'CARMONA', 'ARANGUREN', '10101010J', 'c/ Prado, 25 - 3A', '01001', 'VITORIA', 678876678, '12345678901234567890');
insert into CONDUCTOR values (2, 'TERESA', 'ORTIZ', 'ROMERO', '11111111B', 'c/ Pinar, 5 - 4C', '20050', 'IRUN', 678123457, '23456789012345678908');
insert into CONDUCTOR values (3, 'AITOR', 'MARTIN', 'GONZALEZ', '20202020K', 'c/ Arboleda, 2 - 3D', '48001', 'BILBAO', 677171717, '34567890123456789000');
insert into CONDUCTOR values (4, 'JANIRE', 'ETXEBERRIA', 'NAVARRO', '22222222C', 'c/ Rosales, 52 - 6A', '28001', 'MADRID', 615151515, '12345556789012345678');
insert into CONDUCTOR values (5, 'ENRIQUE', 'CASERO', 'IRIGOIEN', '30303030L', 'c/ Perales, 31 - 1A', '28001', 'MADRID', 625252525, '12349012345656787890');
insert into CONDUCTOR values (6, 'GARAZI', 'PEREZ', 'ARANZABAL', '33333333D', 'c/ Manzanares, 3 - 8C', '28028', ',MADRID', 678787878, '34567890121234567890');
insert into CONDUCTOR values (7, 'ODEI', 'SERRA', 'MARTINEZ', '40404040M', 'c/ Landa, 33 - 5B', '20002', 'DONOSTIA', 624242424, '34567890901234567890');
insert into CONDUCTOR values (8, 'MARIA', 'ITURGAIZ', 'SOLER', '44444444F', 'c/ Zumardia, 11 - 3A', '20100', 'RENTERIA', 608080808, '12345678999999567890');
insert into CONDUCTOR values (9, 'NICOLAS', 'LOPEZ', 'MARTINEZ', '50505050N', 'c/ Alameda, 35 - 3C', '20050', 'IRUN', 627272727, '12388888801234567890');
insert into CONDUCTOR values (10, 'AINARA', 'URIARTE', 'ETXEZARRETA', '55555555G', 'c/ Pinudi, 15 - 1A', '20051', 'IRUN', 676767676, '12345777701234567890');
insert into CONDUCTOR values (11, 'XABIER', 'URIBE', 'GARCIA', '60606060P', 'c/ Chopera, 14 - 2D', '01050', 'ALEGRIA', 668888888, '12343434301234567890');
insert into CONDUCTOR values (12, 'SUSANA', 'MUOZ', 'BALDA', '66666666H', 'c/ Juncal, 6 - 6A', '01051', 'AGURAIN', 669999999, '12345678901234567890');
insert into CONDUCTOR values (13, 'ANTONIO', 'ANTUNEZ', 'ANTOLIN', '70707070R', 'c/ Jazmin, 53 - 3B', '08001', 'BARCELONA', 660000001, '23232378901234567890');
insert into CONDUCTOR values (14, 'ITXASO', 'RUIZ', 'ZULAIKA', '77777777S', 'c/ Olivares, 3 - 1D', '08001', 'BARCELONA', 643535353, '90123456789012345678');
insert into CONDUCTOR values (15, 'ANDONI', 'ANDONEGI', 'ANDIA', '80808080Y', 'c/ Jardines, 25 - 3A', '08100', 'BARCELONA', 651511515, '56789012345678901234');
insert into CONDUCTOR values (16, 'RAUL', 'ROMERO', 'RODRIGUEZ', '88888888X', 'c/ Pagoa, 25 - 3A', '20120', 'OIARTZUN', 611111112, '11234567891234567890');
insert into CONDUCTOR values (17, 'JON', 'JORDAN', 'RUPEREZ', '90909090V', 'c/ Robledo, 25 - 3A', '01051', 'AMURRIO', 622334455, '45678901234123567890');
insert into CONDUCTOR values (18, 'RICARDO', 'ITURRIAGA', 'CLEMENTE', '99999999T', 'c/ Soroa, 25 - 3A', '20010', 'DONOSTIA', 616262646, '12345674567890890123');

insert into PAGO values (15010004, 1);
insert into PAGO values (15010005, 2);
insert into PAGO values (15010006, 3);
insert into PAGO values (15010007, 4);
insert into PAGO values (15020002, 5);
insert into PAGO values (15020003, 6);
insert into PAGO values (15020004, 7);
insert into PAGO values (15020005, 8);
insert into PAGO values (15020006, 9);
insert into PAGO values (15020007, 10);
insert into PAGO values (16070005, 11);
insert into PAGO values (16070006, 12);
insert into PAGO values (16070007, 13);
insert into PAGO values (16070008, 14);
insert into PAGO values (16070009, 15);
insert into PAGO values (16120002, 16);
insert into PAGO values (16120003, 17);
insert into PAGO values (16120004, 18);
insert into PAGO values (16120005, 18);
insert into PAGO values (16120006, 1);
insert into PAGO values (17010005, 1);
insert into PAGO values (17010006, 3);
insert into PAGO values (17010007, 2);
insert into PAGO values (17010008, 6);
insert into PAGO values (17010009, 7);
insert into PAGO values (17010010, 8);
insert into PAGO values (17010011, 9);
insert into PAGO values (17010012, 10);
insert into PAGO values (17010013, 11);
insert into PAGO values (17010014, 12);
insert into PAGO values (17010015, 12);
insert into PAGO values (17010016, 14);
insert into PAGO values (17010017, 15);
insert into PAGO values (17010018, 18);

insert into CAMIONPROPIO values (3, '1234ABC');
insert into CAMIONPROPIO values (6, '1234CUP');
insert into CAMIONPROPIO values (13, '1234FRA');
insert into CAMIONPROPIO values (16, '1234GIP');

insert into INGRESO values (15010001, 2015010001);
insert into INGRESO values (15010002, 2015010002);
insert into INGRESO values (15010003, 2015010003);
insert into INGRESO values (15020001, 2015020001);
insert into INGRESO values (16020002, 2016020002);
insert into INGRESO values (16030001, 2016030001);
insert into INGRESO values (16040001, 2016040001);
insert into INGRESO values (16050001, 2016050001);
insert into INGRESO values (16060001, 2016060001);
insert into INGRESO values (16070001, 2016070001);
insert into INGRESO values (16070002, 2016070002);
insert into INGRESO values (16070003, 2016070003);
insert into INGRESO values (16070004, 2016070004);
insert into INGRESO values (16090001, 2016090001);
insert into INGRESO values (16100001, 2016100001);
insert into INGRESO values (16110001, 2016110001);
insert into INGRESO values (16120001, 2016120001);
insert into INGRESO values (17010001, 2017010001);
insert into INGRESO values (17010002, 2017010002);
insert into INGRESO values (17010003, 2017010003);
insert into INGRESO values (17010004, 2017010004);

insert into MOVIMIENTO values (15010001, to_date('02/01/2015', 'dd/mm/yyyy'), 'I');
insert into MOVIMIENTO values (15010002, to_date('12/01/2015', 'dd/mm/yyyy'), 'I');
insert into MOVIMIENTO values (15010003, to_date('31/01/2015', 'dd/mm/yyyy'), 'I');
insert into MOVIMIENTO values (15020001, to_date('07/02/2015', 'dd/mm/yyyy'), 'I');
insert into MOVIMIENTO values (16020002, to_date('28/02/2016', 'dd/mm/yyyy'), 'I');
insert into MOVIMIENTO values (16030001, to_date('17/03/2016', 'dd/mm/yyyy'), 'I');
insert into MOVIMIENTO values (16040001, to_date('22/04/2016', 'dd/mm/yyyy'), 'I');
insert into MOVIMIENTO values (16050001, to_date('30/05/2016', 'dd/mm/yyyy'), 'I');
insert into MOVIMIENTO values (16060001, to_date('10/06/2016', 'dd/mm/yyyy'), 'I');
insert into MOVIMIENTO values (16070001, to_date('07/07/2016', 'dd/mm/yyyy'), 'I');
insert into MOVIMIENTO values (16070002, to_date('27/07/2016', 'dd/mm/yyyy'), 'I');
insert into MOVIMIENTO values (16070003, to_date('28/07/2016', 'dd/mm/yyyy'), 'I');
insert into MOVIMIENTO values (16070004, to_date('29/07/2016', 'dd/mm/yyyy'), 'I');
insert into MOVIMIENTO values (16090001, to_date('02/09/2016', 'dd/mm/yyyy'), 'I');
insert into MOVIMIENTO values (16100001, to_date('25/10/2016', 'dd/mm/yyyy'), 'I');
insert into MOVIMIENTO values (16110001, to_date('11/11/2016', 'dd/mm/yyyy'), 'I');
insert into MOVIMIENTO values (16120001, to_date('12/12/2016', 'dd/mm/yyyy'), 'I');
insert into MOVIMIENTO values (17010001, to_date('02/01/2017', 'dd/mm/yyyy'), 'I');
insert into MOVIMIENTO values (17010002, to_date('12/01/2017', 'dd/mm/yyyy'), 'I');
insert into MOVIMIENTO values (17010003, to_date('22/01/2017', 'dd/mm/yyyy'), 'I');
insert into MOVIMIENTO values (17010004, to_date('31/01/2017', 'dd/mm/yyyy'), 'I');
insert into MOVIMIENTO values (15010004, to_date('31/01/2015', 'dd/mm/yyyy'), 'P');
insert into MOVIMIENTO values (15010005, to_date('01/02/2015', 'dd/mm/yyyy'), 'P');
insert into MOVIMIENTO values (15010006, to_date('02/02/2015', 'dd/mm/yyyy'), 'P');
insert into MOVIMIENTO values (15010007, to_date('03/02/2015', 'dd/mm/yyyy'), 'P');
insert into MOVIMIENTO values (15020002, to_date('07/02/2015', 'dd/mm/yyyy'), 'P');
insert into MOVIMIENTO values (15020003, to_date('08/02/2015', 'dd/mm/yyyy'), 'P');
insert into MOVIMIENTO values (15020004, to_date('09/02/2015', 'dd/mm/yyyy'), 'P');
insert into MOVIMIENTO values (15020005, to_date('10/02/2015', 'dd/mm/yyyy'), 'P');
insert into MOVIMIENTO values (15020006, to_date('11/02/2015', 'dd/mm/yyyy'), 'P');
insert into MOVIMIENTO values (15020007, to_date('12/02/2015', 'dd/mm/yyyy'), 'P');
insert into MOVIMIENTO values (16070005, to_date('07/07/2016', 'dd/mm/yyyy'), 'P');
insert into MOVIMIENTO values (16070006, to_date('08/07/2016', 'dd/mm/yyyy'), 'P');
insert into MOVIMIENTO values (16070007, to_date('09/07/2016', 'dd/mm/yyyy'), 'P');
insert into MOVIMIENTO values (16070008, to_date('10/07/2016', 'dd/mm/yyyy'), 'P');
insert into MOVIMIENTO values (16070009, to_date('11/07/2016', 'dd/mm/yyyy'), 'P');
insert into MOVIMIENTO values (16120002, to_date('12/12/2016', 'dd/mm/yyyy'), 'P');
insert into MOVIMIENTO values (16120003, to_date('13/12/2016', 'dd/mm/yyyy'), 'P');
insert into MOVIMIENTO values (16120004, to_date('14/12/2016', 'dd/mm/yyyy'), 'P');
insert into MOVIMIENTO values (16120005, to_date('15/12/2016', 'dd/mm/yyyy'), 'P');
insert into MOVIMIENTO values (16120006, to_date('16/12/2016', 'dd/mm/yyyy'), 'P');
insert into MOVIMIENTO values (17010005, to_date('31/01/2017', 'dd/mm/yyyy'), 'P');
insert into MOVIMIENTO values (17010006, to_date('01/02/2017', 'dd/mm/yyyy'), 'P');
insert into MOVIMIENTO values (17010007, to_date('02/02/2017', 'dd/mm/yyyy'), 'P');
insert into MOVIMIENTO values (17010008, to_date('03/02/2017', 'dd/mm/yyyy'), 'P');
insert into MOVIMIENTO values (17010009, to_date('04/02/2017', 'dd/mm/yyyy'), 'P');
insert into MOVIMIENTO values (17010010, to_date('05/02/2017', 'dd/mm/yyyy'), 'P');
insert into MOVIMIENTO values (17010011, to_date('06/02/2017', 'dd/mm/yyyy'), 'P');
insert into MOVIMIENTO values (17010012, to_date('07/02/2017', 'dd/mm/yyyy'), 'P');
insert into MOVIMIENTO values (17010013, to_date('13/02/2017', 'dd/mm/yyyy'), 'P');
insert into MOVIMIENTO values (17010014, to_date('08/02/2017', 'dd/mm/yyyy'), 'P');
insert into MOVIMIENTO values (17010015, to_date('09/02/2017', 'dd/mm/yyyy'), 'P');
insert into MOVIMIENTO values (17010016, to_date('10/02/2017', 'dd/mm/yyyy'), 'P');
insert into MOVIMIENTO values (17010017, to_date('11/02/2017', 'dd/mm/yyyy'), 'P');
insert into MOVIMIENTO values (17010018, to_date('12/02/2017', 'dd/mm/yyyy'), 'P');

